order_id,tanggal,id_pelanggan,kota,kategori,harga,jumlah,metode_bayar,rating
TK-100312,2026-08-14,CUST-0181,,Kecantikan,103000,1,E-Wallet,5.0
TK-100869,2026-09-04,CUST-0316,Medan,Elektronik,Rp 1.070.000,2,E-Wallet,4.0
TK-101478,2026-09-30,CUST-0378,Makassar,Fashion,231000,1,Transfer Bank,5.0
TK-101157,2026-09-15,CUST-0488,Jakarta,Fashion,147500,4,E-Wallet,4.0
TK-100780,2026-09-01,CUST-0659,Jakarta,Kecantikan,147500,1,COD,4.0
TK-100523,2026-08-22,CUST-0558,Bandung,Fashion,119000,1,E-Wallet,
TK-100389,17/08/2026,CUST-0252,Makassar,Elektronik,496500,1,COD,4.0
TK-101362,2026-09-25,CUST-0590,DKI Jakarta,Fashion,210000,1,transfer,
TK-100688,28/08/2026,CUST-0064,Jakarta,Rumah Tangga,Rp 201.000,2,E-Wallet,4.0
TK-100373,2026-08-16,CUST-0616,Bandung,Fashion,138500,5,E-Wallet,3.0
TK-100524,2026-08-22,CUST-0245,Jakarta,Fashion,283500,3,ewallet,4.0
TK-100310,2026-08-14,CUST-0643,Medan,Makanan,30000,1,Transfer Bank,5.0
TK-100011,01/08/2026,CUST-0241,Medan,Rumah Tangga,98000,3,Kartu Kredit,4.0
TK-100475,2026-08-20,CUST-0576,Surabaya,Kecantikan,32500,3,COD,5.0
TK-101126,14/09/2026,CUST-0075,Medan,Rumah Tangga,111500,1,Transfer Bank,4.0
TK-100982,2026-09-09,CUST-0113,Jakarta,Makanan,47000,1,E-Wallet,3.0
TK-101328,2026-09-23,CUST-0371,Jakarta,Kecantikan,103000,4,E-Wallet,5.0
TK-100788,2026-09-01,CUST-0129,Jakarta,Elektronik,724000,2,,5.0
TK-101209,2026-09-18,CUST-0366,Makassar,Rumah Tangga,95500,36,E-Wallet,5.0
TK-100028,2026-08-02,CUST-0467,Bandung,Fashion,204000,1,E-Wallet,4.0
TK-100631,2026-08-26,CUST-0513,Medan,Kecantikan,73500,1,E-Wallet,5.0
TK-100895,2026-09-05,CUST-0099,Bandung,Kecantikan,170000,2,TRANSFER BANK,
TK-101165,2026-09-16,CUST-0082,Jakarta,Rumah Tangga,138000,2,E-Wallet,
TK-101255,2026-09-20,CUST-0480,Medan,Rumah Tangga,123500,1,E-Wallet,4.0
TK-101375,26/09/2026,CUST-0041,Jakarta,Makanan,36500,2,Transfer Bank,5.0
TK-100342,2026-08-15,CUST-0193,,Rumah Tangga,53500,5,COD,5.0
TK-101482,2026-09-30,CUST-0558,Surabaya,Fashion,114500,1,E-Wallet,5.0
TK-100959,08/09/2026,CUST-0244,Medan,Fashion,159500,4,E-Wallet,5.0
TK-100290,2026-08-13,CUST-0628,Jakarta,Rumah Tangga,95000,1,COD,4.0
TK-100227,2026-08-10,CUST-0494,surabaya,Kecantikan,109500,2,E-Wallet,4.0
TK-101379,2026-09-26,CUST-0583,Surabaya,Makanan,58500,1,E-Wallet,5.0
TK-100427,2026-08-18,CUST-0224,Medan,Rumah Tangga,234000,5,E-Wallet,4.0
TK-101451,2026-09-29,CUST-0640,Bandung,Kecantikan,78000,0,E-Wallet,4.0
TK-101323,2026-09-23,CUST-0646,Bandung,Elektronik,1096000,2,E-Wallet,4.0
TK-100563,2026-08-23,CUST-0473,Medan,Fashion,89500,3,COD,3.0
TK-101496,2026-09-30,CUST-0652,Surabaya,Rumah Tangga,Rp 118.500,60,E-Wallet,5.0
TK-100866,2026-09-04,CUST-0123,Surabaya,Fashion,89000,1,Transfer Bank,5.0
TK-100503,21/08/2026,CUST-0225,makassar,Makanan,77000,1,E-Wallet,4.0
TK-101078,2026-09-12,CUST-0380,Jakarta,Rumah Tangga,Rp 96.500,1,E-WALLET,3.0
TK-101112,2026-09-14,CUST-0129,Surabaya,Makanan,65500,4,E-Wallet,3.0
TK-101055,12/09/2026,CUST-0549,Surabaya,Elektronik,950000,1,E-Wallet,4.0
TK-100817,2026-09-02,CUST-0550,Jakarta,Rumah Tangga,133000,4,E-Wallet,5.0
TK-100099,2026-08-05,CUST-0244,Bandung,Rumah Tangga,72000,3,COD,5.0
TK-100794,2026-09-01,CUST-0250,SURABAYA,Fashion,Rp 74.000,1,Transfer Bank,3.0
TK-100769,2026-08-31,CUST-0428,Bandung,Makanan,47000,1,Kartu Kredit,4.0
TK-100401,2026-08-17,CUST-0178,Bandung,Kecantikan,55500,4,kartu kredit,5.0
TK-100908,2026-09-06,CUST-0199,Makassar,Fashion,171500,5,Transfer Bank,4.0
TK-100536,2026-08-22,CUST-0165,,Rumah Tangga,140000,2,Transfer Bank,4.0
TK-100497,21/08/2026,CUST-0191,Surabaya,Kecantikan,187500,1,E-Wallet,4.0
TK-100330,2026-08-14,CUST-0611,Surabaya,Kecantikan,94500,2,Transfer Bank,3.0
TK-100222,09/08/2026,CUST-0158,Makassar,Makanan,32500,1,Transfer Bank,4.0
TK-100720,2026-08-30,CUST-0012,Makassar,Elektronik,Rp 489.500,1,Transfer Bank,4.0
TK-101484,30/09/2026,CUST-0152,Surabaya,Makanan,495000,2,COD,4.0
TK-100570,2026-08-24,CUST-0367,Jakarta,Fashion,160500,2,Transfer Bank,4.0
TK-101220,2026-09-19,CUST-0378,MEDAN,Elektronik,871500,1,COD,2.0
TK-100998,2026-09-10,CUST-0595,Jakarta,Fashion,256000,2,E-Wallet,5.0
TK-100506,2026-08-22,CUST-0445,Surabaya,Rumah Tangga,48000,1,COD,
TK-100721,30/08/2026,CUST-0207,,Kecantikan,115500,2,Transfer Bank,3.0
TK-101244,2026-09-20,CUST-0339,Makassar,Rumah Tangga,184500,1,Transfer Bank,5.0
TK-101473,2026-09-29,CUST-0254,Jakarta,Makanan,91500,4,Kartu Kredit,4.0
TK-101324,2026-09-23,CUST-0280,Surabaya,Makanan,75500,1,E-Wallet,4.0
TK-101245,2026-09-20,CUST-0594,bandung,Fashion,126000,1,Transfer Bank,4.0
TK-100706,2026-08-29,CUST-0512,Jakarta,Kecantikan,Rp 73.000,4,E-Wallet,3.0
TK-100552,2026-08-23,CUST-0609,Bandung,Elektronik,1953500,1,E-Wallet,4.0
TK-100703,2026-08-29,CUST-0552,Bandung,Fashion,244500,1,COD,
TK-101011,2026-09-10,CUST-0086,Jakarta,Fashion,167500,2,Transfer Bank,4.0
TK-100443,2026-08-19,CUST-0256,Bandung,Kecantikan,98500,3,E-Wallet,4.0
TK-100455,2026-08-19,CUST-0466,Jakarta,Fashion,117500,1,COD,3.0
TK-100422,2026-08-18,CUST-0141,Medan,Elektronik,743000,1,Kartu Kredit,4.0
TK-100060,03/08/2026,CUST-0439,Jakarta,Fashion,304000,1,E-Wallet,4.0
TK-101061,2026-09-12,CUST-0017,Bandung,Fashion,126000,1,Transfer Bank,5.0
TK-100966,08/09/2026,CUST-0300,Makassar,Kecantikan,148500,1,Transfer Bank,5.0
TK-101369,2026-09-25,CUST-0233,Makassar,Fashion,123000,5,E-Wallet,4.0
TK-100169,2026-08-07,CUST-0235,Makassar,Kecantikan,270000,5,COD,4.0
TK-100178,2026-08-08,CUST-0486,Jakarta,Rumah Tangga,89000,1,E-Wallet,5.0
TK-100014,2026-08-01,CUST-0505,Makassar,Makanan,38000,1,CC,4.0
TK-100457,2026-08-19,CUST-0114,Makassar,Fashion,Rp 219.500,2,Kartu Kredit,5.0
TK-101406,27/09/2026,CUST-0234,Surabaya,Fashion,104500,1,Transfer Bank,4.0
TK-100158,2026-08-07,CUST-0066,Bandung,Kecantikan,120500,2,E-Wallet,5.0
TK-100232,2026-08-10,CUST-0101,Makassar,Elektronik,807000,1,E-Wallet,5.0
TK-100015,01/08/2026,CUST-0102,Jakarta,Rumah Tangga,244000,1,E-Wallet,4.0
TK-100681,28/08/2026,CUST-0078,Bandung,Elektronik,476500,2,Transfer Bank,
TK-100847,2026-09-03,CUST-0517,Jakarta,Kecantikan,39500,2,E-Wallet,3.0
TK-101232,19/09/2026,CUST-0116,Surabaya,Fashion,199000,2,Transfer Bank,5.0
TK-100131,06/08/2026,CUST-0479,makassar,Rumah Tangga,127000,1,Transfer Bank,4.0
TK-100619,2026-08-26,CUST-0276,Bandung,Kecantikan,155500,1,Transfer Bank,5.0
TK-100476,20/08/2026,CUST-0156,Makassar,Makanan,Rp 82.000,4,COD,5.0
TK-100904,2026-09-06,CUST-0066,Makassar,Fashion,91000,1,E-Wallet,5.0
TK-101338,2026-09-24,CUST-0423,Surabaya,Makanan,50500,1,COD,5.0
TK-100076,2026-08-03,CUST-0049,Bandung,Elektronik,739000,1,E-Wallet,4.0
TK-100584,2026-08-24,CUST-0046,Makassar,Makanan,35500,3,E-Wallet,5.0
TK-100326,2026-08-14,CUST-0082,Jakarta,Kecantikan,102500,1,E-Wallet,
TK-100500,2026-08-21,CUST-0655,sby,Fashion,110500,2,Transfer Bank,4.0
TK-100640,2026-08-27,CUST-0255,JAKARTA,Fashion,269500,1,Kartu Kredit,3.0
TK-100102,2026-08-05,CUST-0320,Jakarta,Elektronik,1620500,1,COD,3.0
TK-100173,2026-08-07,CUST-0245,Surabaya,Fashion,156500,1,Transfer Bank,5.0
TK-101080,2026-09-12,CUST-0215,Jakarta,Rumah Tangga,29500,1,E-Wallet,4.0
TK-101083,2026-09-13,CUST-0313,Jakarta,Elektronik,538500,1,COD,3.0
TK-101104,2026-09-13,CUST-0105,Makassar,Fashion,176000,2,E-Wallet,5.0
TK-100510,2026-08-22,CUST-0054,Jakarta,Kecantikan,141500,5,E-Wallet,5.0
TK-100123,2026-08-06,CUST-0622,Bandung,Kecantikan,Rp 155.500,2,E-Wallet,
TK-100962,2026-09-08,CUST-0673,Jakarta,Kecantikan,107000,1,E-Wallet,4.0
TK-101277,2026-09-21,CUST-0426,Bandung,Makanan,Rp 47.000,5,Transfer Bank,
TK-100327,14/08/2026,CUST-0633,Surabaya,Makanan,Rp 49.500,2,E-Wallet,4.0
TK-101210,18/09/2026,CUST-0662,Jakarta,Rumah Tangga,133000,1,E-Wallet,
TK-100382,16/08/2026,CUST-0501,Bandung,Makanan,50500,2,CC,2.0
TK-101238,2026-09-20,CUST-0310,Jakarta,Fashion,Rp 122.000,5,E-Wallet,5.0
TK-100118,05/08/2026,CUST-0035,Makassar,Kecantikan,35000,2,,4.0
TK-100078,04/08/2026,CUST-0239,Jakarta,Fashion,76500,1,Transfer Bank,5.0
TK-100351,2026-08-15,CUST-0540,Medan,Fashion,333500,2,CC,
TK-101227,2026-09-19,CUST-0363,Medan,Rumah Tangga,198000,2,E-Wallet,5.0
TK-101246,2026-09-20,CUST-0374,JAKARTA,Fashion,167000,1,E-Wallet,4.0
TK-100701,2026-08-29,CUST-0648,Jakarta,Kecantikan,110000,2,Transfer Bank,4.0
TK-100462,2026-08-19,CUST-0271,Jakarta,Fashion,211000,4,,3.0
TK-100165,07/08/2026,CUST-0545,Jakarta,Elektronik,1347500,2,E-Wallet,3.0
TK-100025,01/08/2026,CUST-0043,Medan,Elektronik,735500,1,E-Wallet,5.0
TK-101272,21/09/2026,CUST-0030,Surabaya,Kecantikan,150000,2,E-Wallet,
TK-101346,2026-09-24,CUST-0543,Medan,Kecantikan,193500,2,E-Wallet,
TK-101410,27/09/2026,CUST-0547,Makassar,Fashion,203000,2,E-Wallet,2.0
TK-100707,29/08/2026,CUST-0389,Makassar,Makanan,595000,1,E-Wallet,3.0
TK-101345,2026-09-24,CUST-0173,Makassar,Kecantikan,191500,5,Transfer Bank,5.0
TK-100785,2026-09-01,CUST-0446,Jakarta,Fashion,83000,4,E-Wallet,5.0
TK-100687,28/08/2026,CUST-0483,Makassar,Rumah Tangga,162500,2,COD,3.0
TK-100344,15/08/2026,CUST-0072,Bandung,Kecantikan,206000,1,E-Wallet,4.0
TK-100040,2026-08-02,CUST-0660,Makassar,Makanan,70500,1,E-Wallet,4.0
TK-101292,22/09/2026,CUST-0240,Makassar,Rumah Tangga,100500,1,E-Wallet,4.0
TK-100034,2026-08-02,CUST-0569,Makassar,Makanan,47500,1,E-WALLET,4.0
TK-100219,2026-08-09,CUST-0497,Surabaya,Rumah Tangga,122500,3,E-Wallet,4.0
TK-101138,2026-09-15,CUST-0372,makassar,Kecantikan,84000,1,Transfer Bank,5.0
TK-100993,2026-09-09,CUST-0404,Bandung,Fashion,295500,1,Transfer Bank,5.0
TK-100921,2026-09-07,CUST-0326,Bandung,Kecantikan,64500,1,E-Wallet,4.0
TK-101464,2026-09-29,CUST-0457,Medan,Fashion,175000,5,Kartu Kredit,
TK-101043,2026-09-11,CUST-0459,Medan,Fashion,144000,5,E-Wallet,4.0
TK-101060,2026-09-12,CUST-0095,Jakarta,Kecantikan,79500,2,Transfer Bank,4.0
TK-100406,17/08/2026,CUST-0671,Medan,Rumah Tangga,85500,1,COD,5.0
TK-101161,2026-09-16,CUST-0638,MEDAN,Kecantikan,107500,1,COD,3.0
TK-101433,2026-09-28,CUST-0625,Jakarta,Fashion,136500,1,E-Wallet,
TK-100371,16/08/2026,CUST-0209,Bandung,Rumah Tangga,113000,4,,4.0
TK-100744,2026-08-30,CUST-0572,Makassar,Elektronik,1078000,1,COD,4.0
TK-101095,2026-09-13,CUST-0005,Jakarta ,Fashion,69500,1,E-Wallet,3.0
TK-100848,2026-09-03,CUST-0248,Bandung,Kecantikan,100000,1,Kartu Kredit,4.0
TK-101331,2026-09-23,CUST-0344,Surabaya,Elektronik,Rp 1.115.500,2,COD,4.0
TK-100464,2026-08-19,CUST-0318,Jakarta,Rumah Tangga,Rp 192.000,4,Kartu Kredit,4.0
TK-101233,2026-09-19,CUST-0349,Jakarta,Elektronik,Rp 1.548.000,1,E-Wallet,5.0
TK-100375,2026-08-16,CUST-0555,bdg,Fashion,Rp 114.000,1,Transfer Bank,4.0
TK-101420,2026-09-27,CUST-0053,,Fashion,206000,1,E-Wallet,3.0
TK-100247,2026-08-11,CUST-0057,Jakarta,Kecantikan,104000,3,COD,4.0
TK-101394,2026-09-26,CUST-0089,Jakarta,Rumah Tangga,208000,1,E-Wallet,3.0
TK-100691,2026-08-29,CUST-0583,Jakarta,Makanan,40000,3,cod,5.0
TK-100612,2026-08-25,CUST-0510,Surabaya,Makanan,78500,2,E-Wallet,4.0
TK-100485,2026-08-20,CUST-0492,Surabaya,Makanan,37000,5,E-Wallet,4.0
TK-100253,2026-08-11,CUST-0294,Medan,Kecantikan,133500,3,E-Wallet,4.0
TK-100696,2026-08-29,CUST-0347,Jakarta,Fashion,112500,4,E-Wallet,4.0
TK-101439,28/09/2026,CUST-0099,Jakarta,Rumah Tangga,81500,1,E-Wallet,5.0
TK-100614,25/08/2026,CUST-0487,Jakarta,Kecantikan,111500,1,Kartu Kredit,5.0
TK-101226,2026-09-19,CUST-0594,Surabaya,Elektronik,Rp 601.000,1,Transfer Bank,4.0
TK-100821,02/09/2026,CUST-0156,Surabaya,Kecantikan,Rp 98.500,1,E-Wallet,4.0
TK-100834,2026-09-03,CUST-0080,Makassar,Fashion,217500,1,E-Wallet,4.0
TK-100595,2026-08-25,CUST-0522,Jakarta,Makanan,87000,3,E-Wallet,5.0
TK-100275,2026-08-12,CUST-0416,Makassar,Fashion,115000,1,COD,
TK-100587,24/08/2026,CUST-0534,Jakarta,Fashion,147500,1,Transfer Bank,5.0
TK-101408,27/09/2026,CUST-0378,Jakarta,Fashion,224500,1,E-Wallet,3.0
TK-100872,04/09/2026,CUST-0491,Surabaya,Fashion,Rp 149.500,2,Kartu Kredit,5.0
TK-101322,2026-09-23,CUST-0143,Makassar,Makanan,Rp 43.500,4,Kartu Kredit,5.0
TK-101395,2026-09-26,CUST-0461,Jakarta,Elektronik,Rp 734.000,1,E-Wallet,
TK-101054,2026-09-12,CUST-0325,Jakarta,Makanan,38500,2,Kartu Kredit,4.0
TK-100740,2026-08-30,CUST-0585,medan ,Elektronik,Rp 510.500,1,Transfer Bank,3.0
TK-100413,2026-08-18,CUST-0311,Jakarta,Elektronik,684500,2,COD,4.0
TK-100191,08/08/2026,CUST-0343,Surabaya,Rumah Tangga,151500,1,E-Wallet,4.0
TK-101181,16/09/2026,CUST-0055,DKI Jakarta,Fashion,129500,2,COD,10.0
TK-100950,2026-09-08,CUST-0588,Jakarta,Rumah Tangga,124000,2,E-Wallet,3.0
TK-100670,2026-08-28,CUST-0668,Makassar,Kecantikan,76000,5,TRANSFER BANK,4.0
TK-101193,2026-09-17,CUST-0297,Makassar,Fashion,281000,2,E-Wallet,4.0
TK-101033,2026-09-11,CUST-0500,Jakarta,Kecantikan,194000,2,Kartu Kredit,4.0
TK-100138,2026-08-06,CUST-0327,Jakarta,Elektronik,Rp 1.695.500,1,Transfer Bank,3.0
TK-100315,2026-08-14,CUST-0176,mks,Fashion,86500,1,Kartu Kredit,5.0
TK-100370,2026-08-16,CUST-0454,Surabaya,Rumah Tangga,198500,1,COD,
TK-100977,09/09/2026,CUST-0629,Jakarta,Kecantikan,99000,2,Transfer Bank,5.0
TK-100318,14/08/2026,CUST-0452,Jakarta,Kecantikan,98000,1,COD,2.0
TK-101082,2026-09-13,CUST-0483,Surabaya,Elektronik,692500,2,COD,5.0
TK-100933,2026-09-07,CUST-0649,bdg,Fashion,504500,2,E-Wallet,5.0
TK-100013,01/08/2026,CUST-0155,Makassar,Fashion,178500,2,Transfer Bank,4.0
TK-100815,02/09/2026,CUST-0420,Bandung,Fashion,204000,2,Transfer Bank,4.0
TK-100885,2026-09-05,CUST-0074,Bandung,Rumah Tangga,89500,5,Transfer Bank,5.0
TK-100766,31/08/2026,CUST-0365,Jakarta ,Makanan,67000,4,E-Wallet,10.0
TK-100844,03/09/2026,CUST-0416,Bandung,Rumah Tangga,Rp 91.500,1,E-Wallet,4.0
TK-100270,2026-08-12,CUST-0227,Surabaya,Makanan,60000,5,COD,4.0
TK-101254,2026-09-20,CUST-0514,Jakarta,Makanan,Rp 78.500,1,COD,3.0
TK-100983,2026-09-09,CUST-0393,Makassar,Elektronik,295000,1,E-Wallet,4.0
TK-100894,2026-09-05,CUST-0297,Surabaya,Kecantikan,Rp 110.000,1,E-Wallet,4.0
TK-100361,2026-08-16,CUST-0139,Makassar,Fashion,104000,1,COD,4.0
TK-100652,2026-08-27,CUST-0216,Jakarta,Elektronik,713000,1,COD,
TK-100803,01/09/2026,CUST-0028,Bandung,Fashion,410000,2,Kartu Kredit,4.0
TK-100792,2026-09-01,CUST-0117,Makassar,Makanan,Rp 82.000,5,COD,5.0
TK-101030,2026-09-11,CUST-0505,Surabaya,Makanan,87000,2,E-WALLET,5.0
TK-100245,2026-08-11,CUST-0265,Makassar,Fashion,163500,1,Transfer Bank,5.0
TK-100967,2026-09-08,CUST-0621,Makassar,Kecantikan,104000,3,E-Wallet,4.0
TK-101001,2026-09-10,CUST-0239,Makassar,Rumah Tangga,87500,1,Transfer Bank,3.0
TK-100914,06/09/2026,CUST-0605,jkt,Rumah Tangga,280000,1,e-wallet,5.0
TK-100776,2026-08-31,CUST-0388,Jakarta,Rumah Tangga,47500,1,E-Wallet,3.0
TK-101256,20/09/2026,CUST-0410,Surabaya,Rumah Tangga,61000,2,COD,4.0
TK-100136,06/08/2026,CUST-0601,Makassar,Kecantikan,102500,3,E-Wallet,4.0
TK-101025,2026-09-11,CUST-0485,Jakarta,Makanan,54000,1,Transfer Bank,3.0
TK-100080,2026-08-04,CUST-0656,Bandung,Kecantikan,92500,1,E-Wallet,4.0
TK-100857,2026-09-04,CUST-0608,MEDAN,Fashion,210000,1,E-Wallet,4.0
TK-100195,08/08/2026,CUST-0206,Makassar,Elektronik,1142500,2,E-Wallet,3.0
TK-100150,2026-08-06,CUST-0129,Makassar,Elektronik,Rp 1.307.500,2,E-Wallet,
TK-100665,2026-08-28,CUST-0016,Jakarta,Makanan,49000,3,,4.0
TK-100893,2026-09-05,CUST-0286,Jakarta,Makanan,Rp 81.500,1,Transfer Bank,5.0
TK-100635,2026-08-27,CUST-0262,Makassar,Makanan,47500,4,E-Wallet,4.0
TK-101088,13/09/2026,CUST-0151,Jakarta,Makanan,Rp 61.000,5,E-Wallet,5.0
TK-100112,05/08/2026,CUST-0085,Surabaya,Fashion,112500,2,E-Wallet,4.0
TK-101034,2026-09-11,CUST-0152,Jakarta,Makanan,65000,1,E-Wallet,3.0
TK-100920,2026-09-07,CUST-0443,Jakarta,Fashion,115500,3,E-Wallet,
TK-100488,2026-08-21,CUST-0591,Makassar,Kecantikan,120500,1,E-Wallet,4.0
TK-101192,2026-09-17,CUST-0292,Medan,Makanan,39000,4,,4.0
TK-100888,05/09/2026,CUST-0532,Jakarta,Kecantikan,131500,1,E-Wallet,5.0
TK-100668,2026-08-28,CUST-0359,Jakarta,Kecantikan,82500,3,ewallet,2.0
TK-101164,16/09/2026,CUST-0225,Jakarta,Rumah Tangga,Rp 217.500,1,E-Wallet,5.0
TK-101392,2026-09-26,CUST-0520,Bandung,Fashion,154500,1,E-Wallet,3.0
TK-101491,2026-09-30,CUST-0582,Jakarta,Kecantikan,108500,2,E-Wallet,3.0
TK-101493,2026-09-30,CUST-0024,Surabaya,Rumah Tangga,104500,2,COD,6.0
TK-100292,2026-08-13,CUST-0247,Jakarta,Kecantikan,126500,5,E-Wallet,5.0
TK-101391,26/09/2026,CUST-0362,DKI Jakarta,Fashion,159500,1,E-Wallet,
TK-100363,2026-08-16,CUST-0073,Jakarta,Fashion,305500,4,E-Wallet,5.0
TK-100217,2026-08-09,CUST-0533,Medan,Fashion,Rp 134.500,1,E-Wallet,3.0
TK-100293,2026-08-13,CUST-0439,MEDAN,Makanan,47000,4,Kartu Kredit,5.0
TK-100569,24/08/2026,CUST-0645,Jakarta,Kecantikan,119000,1,E-Wallet,5.0
TK-101413,2026-09-27,CUST-0623,Makassar,Elektronik,1335000,0,Transfer Bank,5.0
TK-101416,2026-09-27,CUST-0538,Jakarta,Fashion,262000,4,E-Wallet,4.0
TK-101162,2026-09-16,CUST-0350,Jakarta,Fashion,162500,5,E-Wallet,4.0
TK-100471,2026-08-19,CUST-0329,Jakarta,Kecantikan,68500,2,COD,4.0
TK-100632,26/08/2026,CUST-0454,Surabaya,Kecantikan,81000,1,COD,3.0
TK-100256,2026-08-11,CUST-0286,Jakarta,Fashion,220000,3,Kartu Kredit,5.0
TK-100695,2026-08-29,CUST-0129,Medan,Fashion,Rp 111.500,2,E-Wallet,4.0
TK-100324,14/08/2026,CUST-0442,Makassar,Rumah Tangga,59000,1,E-Wallet,4.0
TK-100870,2026-09-04,CUST-0289,Bandung,Fashion,56500,1,Transfer Bank,5.0
TK-101163,16/09/2026,CUST-0650,Bandung,Rumah Tangga,102500,1,E-Wallet,5.0
TK-100762,2026-08-31,CUST-0582,Jakarta,Kecantikan,176000,1,COD,5.0
TK-101485,2026-09-30,CUST-0503,Surabaya,Makanan,65000,2,Kartu Kredit,4.0
TK-101108,14/09/2026,CUST-0448,Surabaya,Elektronik,1534500,1,E-Wallet,5.0
TK-100412,2026-08-18,CUST-0187,Medan,Kecantikan,128000,3,COD,4.0
TK-100284,2026-08-12,CUST-0248,Makassar,Kecantikan,Rp 140.500,4,E-Wallet,5.0
TK-100249,2026-08-11,CUST-0474,JAKARTA,Makanan,30500,2,,5.0
TK-101105,2026-09-13,CUST-0271,Makassar,Fashion,74500,1,Kartu Kredit,4.0
TK-101409,2026-09-27,CUST-0395,Bandung,Kecantikan,87500,2,COD,3.0
TK-100189,08/08/2026,CUST-0067,Medan,Rumah Tangga,204000,1,E-Wallet,5.0
TK-100618,2026-08-26,CUST-0485,Jakarta,Rumah Tangga,135000,2,E-Wallet,5.0
TK-101039,2026-09-11,CUST-0563,Jakarta,Makanan,Rp 32.000,1,E-Wallet,5.0
TK-100599,2026-08-25,CUST-0006,Surabaya,Fashion,187000,2,E-Wallet,4.0
TK-101089,2026-09-13,CUST-0019,Makassar,Makanan,55500,1,Transfer Bank,3.0
TK-101321,2026-09-23,CUST-0208,Medan,Rumah Tangga,156000,2,E-Wallet,5.0
TK-101275,2026-09-21,CUST-0257,jkt,Kecantikan,79500,1,Transfer Bank,3.0
TK-101007,2026-09-10,CUST-0542,Surabaya,Makanan,103500,3,COD,5.0
TK-100507,2026-08-22,CUST-0185,Makassar,Fashion,244500,1,Transfer Bank,5.0
TK-100437,2026-08-18,CUST-0182,Surabaya,Kecantikan,98500,1,E-Wallet,5.0
TK-101218,18/09/2026,CUST-0169,mks,Kecantikan,151500,4,COD,4.0
TK-100989,2026-09-09,CUST-0589,Jakarta ,Makanan,118500,2,E-Wallet,4.0
TK-101351,2026-09-24,CUST-0400,,Kecantikan,Rp 162.000,2,Transfer Bank,4.0
TK-101214,2026-09-18,CUST-0593,Jakarta,Fashion,Rp 280.500,5,E-Wallet,5.0
TK-100299,13/08/2026,CUST-0245,DKI Jakarta,Fashion,189000,2,E-Wallet,
TK-100044,2026-08-02,CUST-0239,Jakarta,Fashion,164500,4,COD,
TK-100392,2026-08-17,CUST-0076,,Fashion,137500,1,Transfer Bank,4.0
TK-100030,02/08/2026,CUST-0227,Jakarta,Elektronik,550500,1,COD,5.0
TK-101059,2026-09-12,CUST-0545,Bandung,Fashion,282000,1,COD,5.0
TK-100301,2026-08-13,CUST-0435,Medan,Fashion,153000,1,,
TK-101341,2026-09-24,CUST-0218,Makassar,Rumah Tangga,168000,4,Kartu Kredit,5.0
TK-100582,2026-08-24,CUST-0602,Medan,Fashion,152500,2,E-Wallet,3.0
TK-100218,2026-08-09,CUST-0221,Makassar,Fashion,151500,1,E-Wallet,3.0
TK-100067,2026-08-03,CUST-0634,Jakarta,Rumah Tangga,151500,5,Transfer Bank,5.0
TK-101230,2026-09-19,CUST-0306,Medan,Makanan,Rp 72.500,1,Transfer Bank,4.0
TK-100043,2026-08-02,CUST-0620,,Makanan,24500,2,Transfer Bank,5.0
TK-101147,2026-09-15,CUST-0217,Makassar,Kecantikan,97500,2,Transfer Bank,5.0
TK-101200,2026-09-17,CUST-0113,bandung,Rumah Tangga,126500,1,E-Wallet,5.0
TK-100171,2026-08-07,CUST-0080,Medan,Kecantikan,50000,1,COD,3.0
TK-100348,2026-08-15,CUST-0395,Medan,Fashion,Rp 121.000,3,Transfer Bank,4.0
TK-101376,2026-09-26,CUST-0607,Makassar,Elektronik,795500,1,Transfer Bank,4.0
TK-100809,2026-09-02,CUST-0367,Jakarta,Kecantikan,195500,1,COD,4.0
TK-100440,2026-08-18,CUST-0582,Makassar,Fashion,95000,1,E-Wallet,4.0
TK-100800,01/09/2026,CUST-0350,Surabaya,Fashion,215500,2,E-Wallet,5.0
TK-100994,2026-09-09,CUST-0614,Bandung,Makanan,46000,1,E-Wallet,5.0
TK-100322,2026-08-14,CUST-0112,bandung,Kecantikan,Rp 104.500,60,Transfer Bank,
TK-100051,02/08/2026,CUST-0300,Surabaya,Fashion,226000,5,COD,3.0
TK-100818,2026-09-02,CUST-0365,Jakarta,Rumah Tangga,50000,1,COD,4.0
TK-101195,17/09/2026,CUST-0106,medan ,Rumah Tangga,141000,2,E-Wallet,5.0
TK-100177,08/08/2026,CUST-0207,Bandung,Fashion,76000,3,COD,3.0
TK-101194,2026-09-17,CUST-0202,MEDAN,Kecantikan,45500,1,e-wallet,5.0
TK-101231,2026-09-19,CUST-0251,Bandung,Elektronik,1386500,1,Transfer Bank,4.0
TK-100197,2026-08-08,CUST-0213,Makassar,Kecantikan,133500,2,Transfer Bank,5.0
TK-100513,2026-08-22,CUST-0465,Medan,Kecantikan,145000,5,Kartu Kredit,4.0
TK-101427,2026-09-28,CUST-0613,Surabaya,Fashion,161000,5,E-Wallet,5.0
TK-101103,2026-09-13,CUST-0357,Surabaya,Kecantikan,79000,1,COD,4.0
TK-100047,2026-08-02,CUST-0462,Bandung,Makanan,72500,1,E-Wallet,5.0
TK-101131,2026-09-14,CUST-0595,Surabaya,Rumah Tangga,201000,4,COD,4.0
TK-101381,26/09/2026,CUST-0306,Jakarta,Fashion,111000,1,TRANSFER BANK,5.0
TK-101261,2026-09-21,CUST-0265,Bandung,Fashion,86000,4,CC,5.0
TK-100334,14/08/2026,CUST-0557,Bandung,Kecantikan,Rp 161.500,5,COD,4.0
TK-100079,2026-08-04,CUST-0239,Makassar,Kecantikan,101500,1,Transfer Bank,3.0
TK-100534,2026-08-22,CUST-0161,Jakarta,Fashion,161500,2,Transfer Bank,3.0
TK-101148,2026-09-15,CUST-0532,Makassar,Kecantikan,109000,4,E-Wallet,4.0
TK-101388,2026-09-26,CUST-0069,Medan,Kecantikan,105500,1,E-Wallet,4.0
TK-100300,2026-08-13,CUST-0638,Bandung,Rumah Tangga,228500,2,E-Wallet,4.0
TK-100516,2026-08-22,CUST-0084,Jakarta,Kecantikan,36500,3,E-Wallet,4.0
TK-100561,2026-08-23,CUST-0318,Bandung,Makanan,66000,3,E-Wallet,4.0
TK-100332,2026-08-14,CUST-0023,mks,Kecantikan,91500,1,E-Wallet,5.0
TK-101122,2026-09-14,CUST-0133,Surabaya,Kecantikan,80000,2,COD,4.0
TK-100302,2026-08-13,CUST-0426,Makassar,Rumah Tangga,56000,5,Transfer Bank,4.0
TK-100927,2026-09-07,CUST-0518,DKI Jakarta,Fashion,422500,2,E-Wallet,5.0
TK-101069,2026-09-12,CUST-0393,,Rumah Tangga,Rp 36.500,2,COD,3.0
TK-100736,2026-08-30,CUST-0056,Surabaya,Makanan,100000,3,COD,5.0
TK-100637,27/08/2026,CUST-0171,Makassar,Elektronik,671000,2,E-Wallet,4.0
TK-100276,12/08/2026,CUST-0018,medan ,Makanan,145500,2,Kartu Kredit,3.0
TK-100498,21/08/2026,CUST-0479,Medan,Kecantikan,Rp 102.000,4,COD,3.0
TK-101405,2026-09-27,CUST-0338,Makassar,Makanan,56000,2,E-Wallet,4.0
TK-101380,2026-09-26,CUST-0082,Jakarta,Rumah Tangga,259000,3,E-Wallet,5.0
TK-100314,2026-08-14,CUST-0107,surabaya,Fashion,77000,3,Kartu Kredit,3.0
TK-100398,2026-08-17,CUST-0353,Bandung,Rumah Tangga,60500,1,E-Wallet,4.0
TK-100143,2026-08-06,CUST-0418,Bandung,Makanan,Rp 51.000,5,E-Wallet,3.0
TK-100066,2026-08-03,CUST-0588,Medan,Rumah Tangga,73500,1,E-Wallet,3.0
TK-100926,2026-09-07,CUST-0319,Jakarta,Fashion,132000,5,Transfer Bank,5.0
TK-100814,2026-09-02,CUST-0573,Makassar,Fashion,102000,1,E-Wallet,5.0
TK-101063,2026-09-12,CUST-0410,Jakarta,Fashion,Rp 65.500,2,E-Wallet,4.0
TK-100941,07/09/2026,CUST-0603,Medan,Fashion,124500,1,Transfer Bank,4.0
TK-100597,2026-08-25,CUST-0628,Medan,Rumah Tangga,108500,1,Transfer Bank,4.0
TK-100467,19/08/2026,CUST-0508,,Kecantikan,191000,2,Transfer Bank,4.0
TK-100996,2026-09-09,CUST-0473,Bandung,Rumah Tangga,77500,2,E-Wallet,4.0
TK-101008,2026-09-10,CUST-0168,Medan,Makanan,43000,60,COD,4.0
TK-101177,2026-09-16,CUST-0554,Surabaya,Fashion,103000,1,COD,3.0
TK-100833,03/09/2026,CUST-0423,Medan,Fashion,112500,1,Kartu Kredit,4.0
TK-101280,2026-09-22,CUST-0034,Surabaya,Makanan,34500,1,E-Wallet,4.0
TK-101497,2026-09-30,CUST-0266,Jakarta,Rumah Tangga,Rp 48.000,1,Kartu Kredit,4.0
TK-101111,2026-09-14,CUST-0526,Medan,Fashion,290000,3,Transfer Bank,5.0
TK-100574,24/08/2026,CUST-0669,Bandung,Rumah Tangga,59000,2,Transfer Bank,2.0
TK-100955,2026-09-08,CUST-0324,Surabaya,Rumah Tangga,63500,1,COD,3.0
TK-101252,2026-09-20,CUST-0591,Surabaya,Kecantikan,108000,2,COD,4.0
TK-100767,2026-08-31,CUST-0516,Jakarta,Kecantikan,125500,2,cod,4.0
TK-101449,2026-09-29,CUST-0060,Surabaya,Rumah Tangga,152500,1,Kartu Kredit,4.0
TK-100777,2026-08-31,CUST-0562,Makassar,Fashion,137000,1,E-Wallet,3.0
TK-100747,2026-08-30,CUST-0033,Surabaya,Rumah Tangga,143000,2,e-wallet,4.0
TK-101202,2026-09-17,CUST-0590,makassar,Makanan,83500,5,E-Wallet,4.0
TK-100611,2026-08-25,CUST-0578,Medan,Makanan,83000,4,E-Wallet,4.0
TK-100321,2026-08-14,CUST-0459,Jakarta,Kecantikan,108000,2,Kartu Kredit,4.0
TK-100428,2026-08-18,CUST-0336,Jakarta,Fashion,890000,3,E-Wallet,4.0
TK-101096,2026-09-13,CUST-0537,Surabaya,Fashion,179000,1,Kartu Kredit,5.0
TK-100781,2026-09-01,CUST-0377,Medan,Makanan,88500,2,COD,3.0
TK-101173,16/09/2026,CUST-0034,Jakarta,Rumah Tangga,164500,1,E-Wallet,4.0
TK-100728,30/08/2026,CUST-0629,Surabaya,Makanan,54000,4,E-Wallet,4.0
TK-100199,2026-08-08,CUST-0087,Jakarta,Kecantikan,65000,1,E-Wallet,5.0
TK-100853,2026-09-04,CUST-0043,Jakarta,Fashion,156500,2,E-Wallet,3.0
TK-100167,2026-08-07,CUST-0552,Makassar ,Kecantikan,93500,2,Transfer Bank,3.0
TK-100812,2026-09-02,CUST-0410,Jakarta,Fashion,82500,2,COD,5.0
TK-101031,11/09/2026,CUST-0201,Medan,Fashion,88000,2,COD,4.0
TK-100107,2026-08-05,CUST-0435,Jakarta,Kecantikan,58000,2,Transfer Bank,4.0
TK-100901,2026-09-06,CUST-0663,Makassar,Fashion,185500,1,E-Wallet,4.0
TK-100088,04/08/2026,CUST-0133,Makassar,Fashion,53500,1,COD,4.0
TK-100881,05/09/2026,CUST-0015,Surabaya,Rumah Tangga,64500,1,COD,2.0
TK-100856,04/09/2026,CUST-0166,Makassar,Kecantikan,56500,1,E-Wallet,4.0
TK-100919,2026-09-07,CUST-0493,Jakarta,Makanan,38000,3,Transfer Bank,5.0
TK-101062,12/09/2026,CUST-0652,Makassar,Makanan,93500,1,COD,4.0
TK-101489,30/09/2026,CUST-0557,Makassar,Makanan,54500,2,E-Wallet,5.0
TK-101021,2026-09-10,CUST-0591,Jakarta,Kecantikan,74000,1,E-Wallet,
TK-101207,17/09/2026,CUST-0351,Makassar,Kecantikan,Rp 133.500,2,Transfer Bank,4.0
TK-100644,2026-08-27,CUST-0210,Makassar,Fashion,145500,2,ewallet,4.0
TK-101026,2026-09-11,CUST-0083,Medan,Makanan,87000,4,ewallet,3.0
TK-100952,2026-09-08,CUST-0036,makassar,Rumah Tangga,79500,1,Kartu Kredit,5.0
TK-100141,2026-08-06,CUST-0353,Jakarta,Kecantikan,63000,2,Transfer Bank,
TK-100594,2026-08-25,CUST-0454,Jakarta,Kecantikan,222000,5,E-Wallet,4.0
TK-100311,2026-08-14,CUST-0310,Medan,Fashion,87500,5,Transfer Bank,4.0
TK-100364,2026-08-16,CUST-0029,Jakarta,Fashion,195500,2,Kartu Kredit,5.0
TK-100621,26/08/2026,CUST-0475,bandung,Rumah Tangga,255000,2,Transfer Bank,5.0
TK-100655,2026-08-27,CUST-0238,Makassar,Makanan,64500,1,E-Wallet,3.0
TK-100144,2026-08-06,CUST-0575,Jakarta,Makanan,67000,1,COD,4.0
TK-100196,2026-08-08,CUST-0507,Medan,Kecantikan,113000,1,Transfer Bank,5.0
TK-100463,2026-08-19,CUST-0305,Surabaya,Elektronik,Rp 1.540.000,1,E-Wallet,4.0
TK-100968,08/09/2026,CUST-0635,Makassar,Fashion,139500,1,,3.0
TK-100714,30/08/2026,CUST-0050,Jakarta,Fashion,132000,1,E-Wallet,5.0
TK-100104,05/08/2026,CUST-0583,Medan,Rumah Tangga,171500,5,E-Wallet,4.0
TK-100049,2026-08-02,CUST-0175,Surabaya,Fashion,299500,4,COD,4.0
TK-101178,16/09/2026,CUST-0005,Bandung,Elektronik,1708500,1,Transfer Bank,4.0
TK-101196,2026-09-17,CUST-0513,Makassar,Kecantikan,215500,5,Kartu Kredit,4.0
TK-100139,2026-08-06,CUST-0333,Medan,Kecantikan,82500,3,Transfer Bank,5.0
TK-100752,31/08/2026,CUST-0190,Surabaya,Kecantikan,Rp 108.000,2,COD,
TK-100471,2026-08-19,CUST-0329,Jakarta,Kecantikan,68500,2,COD,4.0
TK-101086,2026-09-13,CUST-0135,Bandung,Fashion,151000,1,Transfer Bank,4.0
TK-101269,2026-09-21,CUST-0050,mks,Makanan,55000,1,E-Wallet,
TK-101258,21/09/2026,CUST-0002,Bandung,Fashion,83000,1,E-Wallet,5.0
TK-100202,2026-08-09,CUST-0432,Surabaya,Kecantikan,63000,1,Transfer Bank,5.0
TK-100125,06/08/2026,CUST-0236,Medan,Fashion,Rp 161.000,1,TRANSFER BANK,5.0
TK-100451,19/08/2026,CUST-0241,Surabaya,Fashion,213000,1,ewallet,5.0
TK-100845,2026-09-03,CUST-0599,Jakarta,Kecantikan,49000,1,Kartu Kredit,4.0
TK-100238,2026-08-10,CUST-0464,Jakarta,Rumah Tangga,109500,1,Transfer Bank,4.0
TK-100527,2026-08-22,CUST-0515,Makassar,Fashion,618000,1,COD,4.0
TK-100405,2026-08-17,CUST-0613,Makassar,Kecantikan,111000,3,COD,5.0
TK-100851,2026-09-03,CUST-0436,Makassar,Fashion,113000,1,COD,5.0
TK-100654,27/08/2026,CUST-0613,Makassar,Rumah Tangga,118500,5,Transfer Bank,3.0
TK-101300,2026-09-22,CUST-0385,Jakarta,Fashion,177500,3,E-Wallet,4.0
TK-101455,2026-09-29,CUST-0359,,Kecantikan,137500,4,Kartu Kredit,5.0
TK-101005,2026-09-10,CUST-0353,Medan,Fashion,194000,5,kartu kredit,4.0
TK-100731,2026-08-30,CUST-0571,Surabaya,Elektronik,Rp 1.130.000,2,Cod,4.0
TK-101003,2026-09-10,CUST-0514,Bandung,Fashion,183000,-1,E-Wallet,5.0
TK-100259,2026-08-11,CUST-0007,Jakarta,Makanan,100000,3,E-Wallet,4.0
TK-100685,2026-08-28,CUST-0172,Surabaya,Rumah Tangga,53000,1,Kartu Kredit,5.0
TK-100892,05/09/2026,CUST-0648,Bandung,Fashion,214000,1,COD,3.0
TK-101288,2026-09-22,CUST-0527,Medan,Kecantikan,151000,3,COD,5.0
TK-100265,12/08/2026,CUST-0220,Jakarta,Makanan,63500,1,E-Wallet,4.0
TK-100956,08/09/2026,CUST-0048,Jakarta,Elektronik,1584000,1,COD,3.0
TK-100446,2026-08-19,CUST-0622,Jakarta,Makanan,51000,2,cod,4.0
TK-101373,2026-09-25,CUST-0128,Jakarta,Kecantikan,745000,3,Transfer Bank,5.0
TK-100669,2026-08-28,CUST-0504,Jakarta,Makanan,46000,2,E-Wallet,4.0
TK-100434,2026-08-18,CUST-0059,Makassar,Fashion,72500,1,Transfer Bank,5.0
TK-101474,29/09/2026,CUST-0428,Bandung,Elektronik,585000,1,E-Wallet,4.0
TK-100775,2026-08-31,CUST-0250,Surabaya,Fashion,198000,4,E-Wallet,5.0
TK-100366,2026-08-16,CUST-0092,Bandung,Fashion,156500,1,E-Wallet,5.0
TK-100072,2026-08-03,CUST-0075,Jakarta,Fashion,111500,4,Transfer Bank,4.0
TK-100793,2026-09-01,CUST-0017,Surabaya,Kecantikan,97000,2,E-Wallet,4.0
TK-101066,2026-09-12,CUST-0304,Medan,Makanan,40000,2,COD,5.0
TK-100172,2026-08-07,CUST-0240,Jakarta,Makanan,75500,1,E-Wallet,3.0
TK-101443,28/09/2026,CUST-0330,Jakarta,Fashion,241500,1,Transfer Bank,4.0
TK-100807,2026-09-02,CUST-0397,Makassar,Rumah Tangga,142000,1,E-Wallet,3.0
TK-100886,05/09/2026,CUST-0438,Medan,Fashion,201000,2,transfer,4.0
TK-101097,13/09/2026,CUST-0556,Jakarta,Fashion,90000,1,E-Wallet,5.0
TK-100801,2026-09-01,CUST-0392,Jakarta,Fashion,78000,1,Transfer Bank,5.0
TK-100538,2026-08-22,CUST-0374,Surabaya,Elektronik,281000,1,Transfer Bank,4.0
TK-100037,2026-08-02,CUST-0430,Jakarta,Makanan,60000,1,E-Wallet,
TK-100168,07/08/2026,CUST-0340,Surabaya,Fashion,174500,4,Kartu Kredit,5.0
TK-100824,2026-09-02,CUST-0565,Medan,Fashion,129500,1,E-Wallet,5.0
TK-100605,2026-08-25,CUST-0275,Bandung,Kecantikan,Rp 49.000,2,E-WALLET,4.0
TK-101490,2026-09-30,CUST-0283,Makassar,Fashion,116000,3,COD,4.0
TK-101372,2026-09-25,CUST-0630,Makassar,Fashion,311000,1,E-Wallet,4.0
TK-100663,2026-08-28,CUST-0554,bandung,Rumah Tangga,86000,1,Transfer Bank,4.0
TK-100542,2026-08-23,CUST-0296,Bandung,Elektronik,879000,2,COD,3.0
TK-101297,2026-09-22,CUST-0667,Medan,Rumah Tangga,101000,3,E-Wallet,5.0
TK-100924,2026-09-07,CUST-0674,Medan,Makanan,54000,1,Kartu Kredit,5.0
TK-101356,2026-09-25,CUST-0498,Jakarta,Fashion,87000,1,Transfer Bank,4.0
TK-101448,2026-09-29,CUST-0069,Makassar,Fashion,155000,1,Kartu Kredit,4.0
TK-100880,2026-09-05,CUST-0232,Makassar,Makanan,61500,2,COD,5.0
TK-100859,2026-09-04,CUST-0379,bdg,Fashion,150500,1,E-Wallet,3.0
TK-100620,26/08/2026,CUST-0465,Makassar,Rumah Tangga,159000,2,COD,4.0
TK-100949,2026-09-08,CUST-0490,Bandung,Rumah Tangga,131000,1,E-Wallet,5.0
TK-100617,2026-08-26,CUST-0574,Makassar ,Kecantikan,101500,1,E-Wallet,5.0
TK-100987,09/09/2026,CUST-0513,Bandung,Makanan,42000,3,e-wallet,5.0
TK-100953,2026-09-08,CUST-0470,Bandung,Rumah Tangga,91000,1,E-Wallet,4.0
TK-100791,2026-09-01,CUST-0112,Jakarta,Fashion,159500,2,Transfer Bank,4.0
TK-100205,2026-08-09,CUST-0191,Makassar,Kecantikan,102000,1,E-Wallet,5.0
TK-100992,09/09/2026,CUST-0436,Medan,Kecantikan,312500,1,Transfer Bank,5.0
TK-100248,2026-08-11,CUST-0620,Jakarta,Elektronik,1839500,1,E-Wallet,3.0
TK-100251,2026-08-11,CUST-0547,Surabaya,Fashion,147500,3,E-Wallet,4.0
TK-101263,2026-09-21,CUST-0669,Makassar,Kecantikan,79000,2,E-Wallet,5.0
TK-100243,2026-08-11,CUST-0486,Makassar,Rumah Tangga,87500,1,E-Wallet,4.0
TK-100907,2026-09-06,CUST-0255,Surabaya,Kecantikan,49000,1,,4.0
TK-101465,2026-09-29,CUST-0117,Jakarta,Kecantikan,140500,1,Transfer Bank,3.0
TK-100281,2026-08-12,CUST-0079,Makassar,Fashion,160500,1,Transfer Bank,4.0
TK-101461,2026-09-29,CUST-0084,Bandung,Fashion,274500,3,e-wallet,4.0
TK-100236,2026-08-10,CUST-0408,medan ,Makanan,39000,1,E-Wallet,5.0
TK-100543,2026-08-23,CUST-0570,Surabaya,Rumah Tangga,208500,5,Cod,4.0
TK-101076,2026-09-12,CUST-0218,Makassar,Makanan,72000,2,E-Wallet,2.0
TK-100160,2026-08-07,CUST-0171,Medan,Fashion,221000,1,E-Wallet,3.0
TK-100450,2026-08-19,CUST-0349,Jakarta,Fashion,355000,5,Transfer Bank,
TK-100347,2026-08-15,CUST-0014,Makassar,Makanan,65500,5,E-Wallet,4.0
TK-101361,2026-09-25,CUST-0022,,Makanan,50500,1,COD,4.0
TK-101317,2026-09-23,CUST-0452,Jakarta,Kecantikan,Rp 70.000,1,E-Wallet,3.0
TK-101023,2026-09-10,CUST-0280,Bandung,Kecantikan,64000,1,Transfer Bank,4.0
TK-100462,2026-08-19,CUST-0271,Jakarta,Fashion,211000,4,,3.0
TK-101494,2026-09-30,CUST-0247,Makassar,Elektronik,399500,2,Kartu Kredit,3.0
TK-101265,21/09/2026,CUST-0062,Surabaya,Rumah Tangga,391500,2,Transfer Bank,5.0
TK-100852,2026-09-03,CUST-0102,Makassar,Fashion,175000,3,E-Wallet,5.0
TK-101350,24/09/2026,CUST-0462,Jakarta,Rumah Tangga,235500,1,E-Wallet,5.0
TK-101466,2026-09-29,CUST-0084,Jakarta,Fashion,539000,2,cod,5.0
TK-100512,2026-08-22,CUST-0171,Makassar ,Fashion,103500,1,COD,5.0
TK-101467,29/09/2026,CUST-0183,Makassar,Kecantikan,157500,1,Transfer Bank,5.0
TK-100757,2026-08-31,CUST-0601,Surabaya,Kecantikan,93500,1,E-Wallet,4.0
TK-101241,2026-09-20,CUST-0348,Jakarta,Kecantikan,54500,1,E-Wallet,5.0
TK-101058,2026-09-12,CUST-0517,Medan,Kecantikan,62500,1,E-Wallet,4.0
TK-101333,2026-09-23,CUST-0228,Medan,Kecantikan,65500,4,,2.0
TK-101370,25/09/2026,CUST-0291,jkt,Rumah Tangga,65000,2,E-Wallet,4.0
TK-101383,26/09/2026,CUST-0193,Surabaya,Kecantikan,97000,2,COD,4.0
TK-100826,02/09/2026,CUST-0344,Makassar,Fashion,Rp 45.500,2,Transfer Bank,4.0
TK-101469,29/09/2026,CUST-0377,Bandung,Fashion,41000,1,Kartu Kredit,4.0
TK-101384,2026-09-26,CUST-0547,Medan,Makanan,37500,1,E-Wallet,
TK-100940,2026-09-07,CUST-0158,Jakarta,Rumah Tangga,124500,3,Transfer Bank,5.0
TK-100708,2026-08-29,CUST-0393,Medan,Makanan,82000,1,Kartu Kredit,5.0
TK-100672,28/08/2026,CUST-0253,Surabaya,Makanan,39500,1,COD,3.0
TK-100686,2026-08-28,CUST-0532,Makassar,Kecantikan,71500,2,Kartu Kredit,4.0
TK-100206,09/08/2026,CUST-0171,Medan,Fashion,129500,2,Transfer Bank,4.0
TK-100598,2026-08-25,CUST-0581,Jakarta,Kecantikan,54000,3,COD,
TK-101264,21/09/2026,CUST-0425,Bandung,Kecantikan,490000,1,Transfer Bank,4.0
TK-100068,03/08/2026,CUST-0550,Surabaya,Fashion,98500,1,E-Wallet,4.0
TK-100004,2026-08-01,CUST-0292,Bandung,Makanan,67000,3,Transfer Bank,4.0
TK-101128,2026-09-14,CUST-0580,Surabaya,Kecantikan,218000,4,TRANSFER BANK,5.0
TK-100531,2026-08-22,CUST-0027,Medan,Rumah Tangga,191000,1,COD,4.0
TK-101285,2026-09-22,CUST-0285,Bandung,Elektronik,1627500,1,E-Wallet,2.0
TK-100273,2026-08-12,CUST-0168,Surabaya,Rumah Tangga,130000,5,E-Wallet,5.0
TK-101232,19/09/2026,CUST-0116,Surabaya,Fashion,199000,2,Transfer Bank,5.0
TK-101013,2026-09-10,CUST-0384,Makassar,Fashion,Rp 157.500,2,e-wallet,4.0
TK-100537,2026-08-22,CUST-0213,Jakarta,Fashion,133500,1,E-Wallet,4.0
TK-101199,2026-09-17,CUST-0113,MEDAN,Kecantikan,51500,3,E-Wallet,3.0
TK-100225,2026-08-10,CUST-0649,Surabaya,Kecantikan,45500,1,E-Wallet,3.0
TK-100837,03/09/2026,CUST-0143,bandung,Makanan,61000,1,E-Wallet,3.0
TK-101141,2026-09-15,CUST-0435,Makassar,Makanan,32000,2,ewallet,
TK-100409,17/08/2026,CUST-0066,Jakarta,Kecantikan,104000,4,COD,4.0
TK-100074,2026-08-03,CUST-0360,Medan,Fashion,200500,1,Transfer Bank,5.0
TK-100770,31/08/2026,CUST-0296,Makassar,Fashion,134000,2,Transfer Bank,3.0
TK-100730,2026-08-30,CUST-0449,Jakarta,Rumah Tangga,Rp 59.000,3,E-Wallet,3.0
TK-101472,2026-09-29,CUST-0427,Makassar,Makanan,45500,3,E-Wallet,5.0
TK-101237,2026-09-20,CUST-0028,Surabaya,Makanan,99000,1,E-Wallet,3.0
TK-100162,2026-08-07,CUST-0215,Medan,Fashion,357000,2,E-Wallet,5.0
TK-100779,2026-09-01,CUST-0662,Makassar,Fashion,279500,1,COD,5.0
TK-100722,2026-08-30,CUST-0578,Jakarta,Makanan,33500,2,Transfer Bank,4.0
TK-101064,2026-09-12,CUST-0656,Makassar,Kecantikan,120500,3,,4.0
TK-100152,2026-08-07,CUST-0631,Makassar,Fashion,123000,2,Kartu Kredit,3.0
TK-100198,2026-08-08,CUST-0650,Makassar,Rumah Tangga,136500,4,E-Wallet,4.0
TK-100925,2026-09-07,CUST-0137,Surabaya,Kecantikan,Rp 64.000,2,COD,5.0
TK-100418,2026-08-18,CUST-0315,Surabaya,Rumah Tangga,134000,1,COD,4.0
TK-101468,2026-09-29,CUST-0150,makassar,Fashion,87000,4,transfer,4.0
TK-100945,2026-09-08,CUST-0478,Jakarta,Fashion,68500,4,Kartu Kredit,5.0
TK-100142,2026-08-06,CUST-0063,Makassar,Rumah Tangga,75000,1,COD,4.0
TK-100787,2026-09-01,CUST-0070,,Kecantikan,92000,4,Transfer Bank,4.0
TK-100120,05/08/2026,CUST-0232,Medan,Fashion,279000,1,Transfer Bank,5.0
TK-101123,14/09/2026,CUST-0091,SURABAYA,Kecantikan,185500,1,E-Wallet,4.0
TK-100796,01/09/2026,CUST-0321,Jakarta,Fashion,83500,2,E-Wallet,5.0
TK-100790,2026-09-01,CUST-0082,Jakarta,Fashion,138500,3,E-Wallet,4.0
TK-100213,09/08/2026,CUST-0499,Jakarta,Kecantikan,33500,2,Transfer Bank,5.0
TK-100384,2026-08-16,CUST-0418,Jakarta,Elektronik,522000,1,COD,2.0
TK-100713,29/08/2026,CUST-0394,Jakarta,Fashion,Rp 74.000,1,Transfer Bank,4.0
TK-101139,2026-09-15,CUST-0231,Jakarta,Fashion,216500,5,E-Wallet,3.0
TK-100923,2026-09-07,CUST-0526,Bandung,Makanan,Rp 102.500,2,COD,3.0
TK-101404,2026-09-27,CUST-0344,Makassar,Fashion,161000,1,COD,4.0
TK-100254,2026-08-11,CUST-0084,Jakarta,Kecantikan,107500,2,E-Wallet,5.0
TK-100024,2026-08-01,CUST-0225,Makassar,Fashion,Rp 129.000,1,COD,5.0
TK-100641,2026-08-27,CUST-0199,Makassar,Kecantikan,66500,1,E-Wallet,5.0
TK-100092,2026-08-04,CUST-0186,Medan,Elektronik,940000,1,COD,3.0
TK-100903,06/09/2026,CUST-0086,Surabaya,Makanan,47500,1,E-Wallet,5.0
TK-100942,2026-09-07,CUST-0350,Makassar,Rumah Tangga,406000,1,E-Wallet,5.0
TK-101456,2026-09-29,CUST-0366,Jakarta,Makanan,50500,5,E-Wallet,4.0
TK-100906,2026-09-06,CUST-0119,Bandung,Fashion,520000,1,E-Wallet,4.0
TK-100148,2026-08-06,CUST-0406,Medan,Makanan,107000,4,Transfer Bank,4.0
TK-100743,2026-08-30,CUST-0258,,Fashion,131500,2,TRANSFER BANK,4.0
TK-101336,2026-09-24,CUST-0515,Surabaya,Kecantikan,53500,4,Kartu Kredit,
TK-100388,2026-08-17,CUST-0218,Bandung,Fashion,163500,2,Transfer Bank,5.0
TK-100684,2026-08-28,CUST-0659,Bandung,Kecantikan,Rp 42.500,2,COD,2.0
TK-100578,2026-08-24,CUST-0237,Bandung,Kecantikan,134000,1,Kartu Kredit,2.0
TK-101462,2026-09-29,CUST-0160,Jakarta,Rumah Tangga,190500,1,Kartu Kredit,3.0
TK-101065,12/09/2026,CUST-0170,Jakarta,Fashion,170500,3,Kartu Kredit,3.0
TK-101037,2026-09-11,CUST-0341,Makassar,Rumah Tangga,96500,4,Kartu Kredit,3.0
TK-100813,2026-09-02,CUST-0310,Jakarta,Fashion,229500,2,Cod,3.0
TK-100210,2026-08-09,CUST-0067,Jakarta,Kecantikan,81000,2,COD,
TK-100268,12/08/2026,CUST-0257,Makassar,Kecantikan,Rp 82.500,2,COD,4.0
TK-101092,2026-09-13,CUST-0409,Jakarta,Rumah Tangga,262500,3,Transfer Bank,5.0
TK-101142,2026-09-15,CUST-0521,Jakarta,Makanan,46000,2,E-Wallet,3.0
TK-100647,2026-08-27,CUST-0561,MAKASSAR,Kecantikan,122500,2,E-Wallet,4.0
TK-101401,2026-09-27,CUST-0343,Makassar,Kecantikan,117000,2,COD,3.0
TK-101160,2026-09-15,CUST-0085,Jakarta,Kecantikan,80500,1,COD,5.0
TK-100997,2026-09-10,CUST-0422,Makassar,Rumah Tangga,194000,3,Transfer Bank,5.0
TK-100109,2026-08-05,CUST-0274,Jakarta,Makanan,45000,1,,5.0
TK-100666,2026-08-28,CUST-0170,Jakarta,Rumah Tangga,67000,1,COD,4.0
TK-100930,2026-09-07,CUST-0479,Jakarta ,Makanan,51500,2,E-Wallet,4.0
TK-100010,01/08/2026,CUST-0557,Jakarta,Fashion,145000,1,Transfer Bank,5.0
TK-100135,06/08/2026,CUST-0090,Bandung,Elektronik,668000,2,COD,4.0
TK-100458,2026-08-19,CUST-0096,Medan,Rumah Tangga,134000,1,E-Wallet,4.0
TK-100656,2026-08-27,CUST-0156,Bandung,Fashion,139500,5,E-Wallet,4.0
TK-100924,2026-09-07,CUST-0674,Medan,Makanan,54000,1,Kartu Kredit,5.0
TK-101249,2026-09-20,CUST-0671,Surabaya,Kecantikan,80500,3,E-Wallet,4.0
TK-100423,18/08/2026,CUST-0155,Medan,Kecantikan,79500,2,E-Wallet,4.0
TK-100650,27/08/2026,CUST-0094,Surabaya,Rumah Tangga,78500,1,E-Wallet,4.0
TK-100535,2026-08-22,CUST-0174,Jakarta,Elektronik,527000,2,E-Wallet,5.0
TK-100754,2026-08-31,CUST-0572,Surabaya,Rumah Tangga,73500,3,e-wallet,5.0
TK-101052,2026-09-12,CUST-0330,bandung,Makanan,39500,1,COD,4.0
TK-101349,2026-09-24,CUST-0589,Makassar,Kecantikan,150000,4,E-Wallet,4.0
TK-100084,2026-08-04,CUST-0027,Makassar,Kecantikan,88000,3,E-Wallet,4.0
TK-101440,2026-09-28,CUST-0073,medan ,Kecantikan,Rp 76.000,5,E-Wallet,4.0
TK-100674,2026-08-28,CUST-0394,Bandung,Rumah Tangga,185000,1,E-Wallet,4.0
TK-100137,2026-08-06,CUST-0318,Surabaya,Elektronik,772000,1,e-wallet,4.0
TK-101072,2026-09-12,CUST-0457,Medan,Fashion,166500,4,E-Wallet,3.0
TK-100357,15/08/2026,CUST-0555,Bandung,Rumah Tangga,243000,1,,4.0
TK-100097,2026-08-05,CUST-0174,Jakarta,Elektronik,703000,2,Kartu Kredit,5.0
TK-100229,2026-08-10,CUST-0666,Jakarta,Fashion,410500,1,COD,5.0
TK-100970,2026-09-08,CUST-0180,DKI Jakarta,Fashion,164500,1,Transfer Bank,5.0
TK-100486,2026-08-21,CUST-0170,Makassar,Elektronik,1331000,1,Kartu Kredit,4.0
TK-100799,2026-09-01,CUST-0159,Makassar,Rumah Tangga,92500,1,E-Wallet,5.0
TK-100057,2026-08-03,CUST-0617,Makassar,Rumah Tangga,190500,5,COD,5.0
TK-100811,2026-09-02,CUST-0538,bandung,Kecantikan,86500,2,COD,4.0
TK-100755,2026-08-31,CUST-0184,Makassar,Kecantikan,62000,2,Transfer Bank,4.0
TK-100611,2026-08-25,CUST-0578,Medan,Makanan,83000,4,E-Wallet,4.0
TK-101493,2026-09-30,CUST-0024,Surabaya,Rumah Tangga,104500,2,COD,6.0
TK-101364,2026-09-25,CUST-0434,Bandung,Kecantikan,135500,1,Transfer Bank,3.0
TK-100623,2026-08-26,CUST-0034,Jakarta,Fashion,119000,4,E-Wallet,5.0
TK-100100,2026-08-05,CUST-0212,Makassar,Fashion,104000,4,COD,5.0
TK-101155,2026-09-15,CUST-0553,Surabaya,Kecantikan,64500,3,Transfer Bank,5.0
TK-101100,13/09/2026,CUST-0311,Surabaya,Fashion,156500,1,COD,5.0
TK-100022,2026-08-01,CUST-0661,Jakarta,Elektronik,791000,2,Transfer Bank,5.0
TK-100181,2026-08-08,CUST-0017,Jakarta,Elektronik,182500,1,CC,5.0
TK-100965,2026-09-08,CUST-0446,SURABAYA,Elektronik,804000,1,E-Wallet,5.0
TK-101075,2026-09-12,CUST-0499,Surabaya,Elektronik,707000,1,E-Wallet,3.0
TK-100946,08/09/2026,CUST-0396,Surabaya,Elektronik,825500,1,E-Wallet,
TK-101301,2026-09-22,CUST-0410,Surabaya,Kecantikan,122000,1,E-Wallet,
TK-101274,21/09/2026,CUST-0363,Jakarta,Fashion,113000,4,E-Wallet,5.0
TK-100588,2026-08-24,CUST-0389,Makassar,Fashion,114000,1,E-Wallet,
TK-100064,03/08/2026,CUST-0059,Makassar,Fashion,229000,5,E-Wallet,3.0
TK-100367,2026-08-16,CUST-0164,Jakarta,Kecantikan,167000,2,E-Wallet,
TK-101268,2026-09-21,CUST-0444,Bandung,Kecantikan,87000,3,Transfer Bank,5.0
TK-100939,2026-09-07,CUST-0420,Surabaya,Fashion,97500,1,,4.0
TK-100875,2026-09-04,CUST-0367,Jakarta,Makanan,53000,1,Transfer Bank,5.0
TK-100613,2026-08-25,CUST-0121,Jakarta,Rumah Tangga,34000,1,E-Wallet,5.0
TK-100235,2026-08-10,CUST-0245,Jakarta,Makanan,Rp 88.000,5,Transfer Bank,4.0
TK-101412,2026-09-27,CUST-0635,Bandung,Fashion,206500,1,COD,4.0
TK-100499,2026-08-21,CUST-0621,Makassar,Rumah Tangga,136000,1,Cod,3.0
TK-101327,2026-09-23,CUST-0482,Medan,Rumah Tangga,162000,1,COD,5.0
TK-101293,2026-09-22,CUST-0589,Jakarta,Fashion,179500,4,E-Wallet,5.0
TK-100819,2026-09-02,CUST-0455,Surabaya,Fashion,113000,3,E-Wallet,4.0
TK-100591,2026-08-24,CUST-0186,Jakarta,Fashion,142000,2,E-Wallet,3.0
TK-101411,2026-09-27,CUST-0611,Jakarta ,Rumah Tangga,125500,3,Transfer Bank,5.0
TK-100303,2026-08-13,CUST-0269,Medan,Kecantikan,101000,5,COD,5.0
TK-100897,2026-09-05,CUST-0609,Makassar,Makanan,60000,5,Kartu Kredit,5.0
TK-101127,2026-09-14,CUST-0532,Surabaya,Makanan,32000,3,,5.0
TK-100867,04/09/2026,CUST-0281,Bandung,Elektronik,1126000,1,E-Wallet,4.0
TK-101253,2026-09-20,CUST-0053,Surabaya,Fashion,458000,4,COD,5.0
TK-100323,14/08/2026,CUST-0123,Bandung,Makanan,95500,1,,4.0
TK-101319,2026-09-23,CUST-0079,Medan,Fashion,153000,2,e-wallet,5.0
TK-100369,2026-08-16,CUST-0609,Jakarta,Fashion,115000,1,COD,4.0
TK-101447,29/09/2026,CUST-0585,makassar,Elektronik,1646000,1,COD,
TK-100402,2026-08-17,CUST-0513,Jakarta,Fashion,Rp 122.500,4,E-Wallet,5.0
TK-101339,2026-09-24,CUST-0363,Jakarta ,Fashion,147500,3,,5.0
TK-100739,2026-08-30,CUST-0664,Jakarta,Makanan,68000,1,E-Wallet,
TK-101303,2026-09-23,CUST-0073,Jakarta,Fashion,283000,1,Transfer Bank,4.0
TK-100478,2026-08-20,CUST-0248,Bandung,Fashion,259500,3,Transfer Bank,4.0
TK-100854,2026-09-04,CUST-0595,Jakarta,Kecantikan,92000,1,E-Wallet,5.0
TK-100352,2026-08-15,CUST-0489,Surabaya,Elektronik,425500,2,E-Wallet,4.0
TK-100625,2026-08-26,CUST-0304,Medan,Fashion,122000,2,Transfer Bank,4.0
TK-101260,2026-09-21,CUST-0159,,Makanan,55500,1,E-Wallet,5.0
TK-100678,2026-08-28,CUST-0367,Medan,Fashion,162500,1,E-Wallet,4.0
TK-100230,2026-08-10,CUST-0039,Medan,Makanan,72500,3,COD,5.0
TK-101130,2026-09-14,CUST-0036,Jakarta,Rumah Tangga,164500,2,COD,2.0
TK-101239,2026-09-20,CUST-0437,Bandung,Fashion,Rp 142.000,1,E-Wallet,4.0
TK-100071,2026-08-03,CUST-0515,Bandung,Fashion,205500,1,COD,4.0
TK-100093,2026-08-04,CUST-0010,Jakarta,Makanan,40500,2,Transfer Bank,4.0
TK-100283,2026-08-12,CUST-0241,Surabaya,Kecantikan,108500,2,COD,3.0
TK-101437,2026-09-28,CUST-0553,Jakarta,Kecantikan,117000,3,E-Wallet,3.0
TK-101041,2026-09-11,CUST-0135,Makassar,Makanan,Rp 43.000,1,E-Wallet,3.0
TK-100445,19/08/2026,CUST-0140,jkt,Elektronik,776000,1,Transfer Bank,4.0
TK-101446,2026-09-29,CUST-0250,,Kecantikan,Rp 59.000,1,E-Wallet,
TK-100863,2026-09-04,CUST-0561,Jakarta,Fashion,72000,2,E-Wallet,4.0
TK-100575,2026-08-24,CUST-0334,Makassar,Rumah Tangga,149000,2,ewallet,4.0
TK-101201,2026-09-17,CUST-0436,Surabaya,Kecantikan,92500,2,Transfer Bank,2.0
TK-101386,26/09/2026,CUST-0363,Surabaya,Makanan,105000,3,Transfer Bank,4.0
TK-100335,14/08/2026,CUST-0053,Jakarta ,Fashion,255000,4,E-Wallet,4.0
TK-100244,11/08/2026,CUST-0200,Makassar,Kecantikan,110500,2,Transfer Bank,4.0
TK-100899,2026-09-06,CUST-0668,Bandung,Fashion,61500,5,CC,4.0
TK-100827,2026-09-02,CUST-0380,Jakarta ,Fashion,248000,2,Transfer Bank,3.0
TK-101470,2026-09-29,CUST-0087,Jakarta,Fashion,103500,1,Transfer Bank,3.0
TK-101084,13/09/2026,CUST-0150,Jakarta,Rumah Tangga,167000,4,COD,
TK-101374,2026-09-26,CUST-0301,Jakarta,Rumah Tangga,133500,1,Transfer Bank,5.0
TK-100110,05/08/2026,CUST-0272,Jakarta,Makanan,62000,1,E-Wallet,4.0
TK-100643,2026-08-27,CUST-0551,Jakarta,Rumah Tangga,164500,1,Kartu Kredit,5.0
TK-101366,2026-09-25,CUST-0502,Makassar,Kecantikan,76000,1,Transfer Bank,4.0
TK-101106,2026-09-13,CUST-0005,Makassar,Fashion,276000,4,Transfer Bank,4.0
TK-101035,2026-09-11,CUST-0661,Makassar,Kecantikan,Rp 73.500,1,cod,4.0
TK-101457,2026-09-29,CUST-0039,Surabaya,Kecantikan,76500,1,Transfer Bank,5.0
TK-100442,2026-08-19,CUST-0127,,Kecantikan,100500,2,E-Wallet,5.0
TK-100489,2026-08-21,CUST-0521,Jakarta,Elektronik,955500,1,Transfer Bank,5.0
TK-101022,10/09/2026,CUST-0623,Jakarta,Fashion,108000,4,E-Wallet,3.0
TK-100269,2026-08-12,CUST-0433,Jakarta,Fashion,98500,2,E-Wallet,4.0
TK-101318,2026-09-23,CUST-0111,Jakarta,Fashion,Rp 95.000,1,Kartu Kredit,5.0
TK-101134,15/09/2026,CUST-0498,Makassar,Elektronik,994500,1,COD,3.0
TK-100937,2026-09-07,CUST-0347,Surabaya,Elektronik,989500,1,ewallet,4.0
TK-101171,2026-09-16,CUST-0467,,Kecantikan,85500,2,E-Wallet,5.0
TK-100397,2026-08-17,CUST-0475,Bandung,Makanan,52500,3,Transfer Bank,5.0
TK-100359,2026-08-16,CUST-0382,Bandung,Fashion,146000,1,Transfer Bank,5.0
TK-100387,2026-08-17,CUST-0175,Makassar,Fashion,117000,3,Transfer Bank,4.0
TK-100131,06/08/2026,CUST-0479,makassar,Rumah Tangga,127000,1,Transfer Bank,4.0
TK-100264,2026-08-12,CUST-0521,Jakarta,Fashion,256000,2,Transfer Bank,5.0
TK-100750,2026-08-30,CUST-0669,Makassar,Elektronik,Rp 1.694.500,1,COD,3.0
TK-101330,2026-09-23,CUST-0489,Bandung,Makanan,88500,1,Transfer Bank,
TK-101167,2026-09-16,CUST-0097,Makassar,Makanan,43000,1,Kartu Kredit,5.0
TK-100699,2026-08-29,CUST-0389,Jakarta,Fashion,281000,1,E-Wallet,5.0
TK-100520,2026-08-22,CUST-0376,Jakarta ,Makanan,70500,1,E-Wallet,3.0
TK-100130,2026-08-06,CUST-0166,Jakarta,Fashion,165500,2,E-Wallet,4.0
TK-100784,2026-09-01,CUST-0439,MEDAN,Fashion,Rp 138.500,1,COD,2.0
TK-100117,2026-08-05,CUST-0375,Makassar,Rumah Tangga,Rp 307.000,1,transfer,5.0
TK-100541,2026-08-23,CUST-0638,Surabaya,Elektronik,242000,1,E-Wallet,5.0
TK-101197,17/09/2026,CUST-0481,Surabaya,Fashion,145000,5,COD,4.0
TK-101123,14/09/2026,CUST-0091,SURABAYA,Kecantikan,185500,1,E-Wallet,4.0
TK-101299,2026-09-22,CUST-0067,Makassar,Rumah Tangga,95500,3,COD,4.0
TK-101259,2026-09-21,CUST-0286,Makassar,Fashion,217500,5,Kartu Kredit,4.0
TK-101087,13/09/2026,CUST-0330,Jakarta,Kecantikan,111000,2,Kartu Kredit,5.0
TK-100381,16/08/2026,CUST-0512,Jakarta,Kecantikan,76500,1,,5.0
TK-100103,05/08/2026,CUST-0350,Jakarta,Rumah Tangga,93000,5,E-Wallet,5.0
TK-100317,2026-08-14,CUST-0107,Jakarta,Rumah Tangga,83500,2,e-wallet,3.0
TK-100954,2026-09-08,CUST-0225,Jakarta,Fashion,246000,5,COD,4.0
TK-100658,2026-08-27,CUST-0368,Makassar,Makanan,41000,5,E-Wallet,5.0
TK-100470,2026-08-19,CUST-0442,Surabaya,Rumah Tangga,125500,4,Transfer Bank,4.0
TK-100403,2026-08-17,CUST-0340,Makassar,Elektronik,1361000,1,E-Wallet,4.0
TK-100979,2026-09-09,CUST-0085,Medan,Rumah Tangga,234000,1,Transfer Bank,4.0
TK-100557,2026-08-23,CUST-0594,Makassar,Kecantikan,119000,2,Kartu Kredit,4.0
TK-100509,2026-08-22,CUST-0127,Bandung,Rumah Tangga,221500,1,E-Wallet,5.0
TK-100741,30/08/2026,CUST-0576,,Fashion,108000,5,COD,4.0
TK-100879,2026-09-05,CUST-0236,Jakarta,Kecantikan,117000,5,COD,5.0
TK-100441,2026-08-19,CUST-0422,Bandung,Makanan,81500,1,Cod,5.0
TK-100194,2026-08-08,CUST-0162,MAKASSAR,Rumah Tangga,66000,1,COD,4.0
TK-100761,2026-08-31,CUST-0071,,Elektronik,1121500,1,COD,5.0
TK-100692,2026-08-29,CUST-0266,Bandung,Fashion,114000,5,E-Wallet,4.0
TK-101343,2026-09-24,CUST-0277,Jakarta,Makanan,82000,5,Transfer Bank,5.0
TK-100017,2026-08-01,CUST-0457,Makassar,Kecantikan,135500,3,Cod,4.0
TK-100529,2026-08-22,CUST-0489,Surabaya,Fashion,157000,3,E-Wallet,4.0
TK-101036,2026-09-11,CUST-0119,Surabaya,Fashion,111000,5,E-Wallet,5.0
TK-101002,10/09/2026,CUST-0608,Makassar,Rumah Tangga,494000,1,E-Wallet,4.0
TK-100421,2026-08-18,CUST-0011,Jakarta,Elektronik,272500,2,E-Wallet,
TK-100396,2026-08-17,CUST-0629,Makassar,Rumah Tangga,53000,1,E-Wallet,5.0
TK-101276,2026-09-21,CUST-0231,Makassar,Elektronik,619500,1,COD,3.0
TK-100082,2026-08-04,CUST-0479,jkt,Fashion,124500,2,E-Wallet,5.0
TK-101251,20/09/2026,CUST-0296,Makassar,Makanan,47500,1,E-Wallet,6.0
TK-100760,2026-08-31,CUST-0386,,Makanan,Rp 63.500,3,E-Wallet,4.0
TK-100840,2026-09-03,CUST-0510,Bandung,Elektronik,834500,1,,4.0
TK-101315,2026-09-23,CUST-0137,Medan,Fashion,173500,1,Kartu Kredit,4.0
TK-100038,02/08/2026,CUST-0402,Makassar,Makanan,67500,1,Transfer Bank,
TK-100729,2026-08-30,CUST-0540,Bandung,Elektronik,934000,1,COD,
TK-100155,2026-08-07,CUST-0464,Jakarta,Kecantikan,Rp 98.000,1,COD,4.0
TK-100823,02/09/2026,CUST-0145,Jakarta,Fashion,154500,4,e-wallet,4.0
TK-101029,2026-09-11,CUST-0376,Bandung,Fashion,185500,1,E-Wallet,4.0
TK-100521,2026-08-22,CUST-0319,Jakarta,Fashion,242500,1,E-Wallet,
TK-100349,2026-08-15,CUST-0144,Surabaya,Rumah Tangga,Rp 85.500,5,e-wallet,5.0
TK-100976,2026-09-09,CUST-0445,Makassar,Elektronik,263000,1,cod,4.0
TK-101385,2026-09-26,CUST-0547,Jakarta,Makanan,39000,1,E-Wallet,5.0
TK-100113,2026-08-05,CUST-0011,Surabaya,Rumah Tangga,67000,1,E-Wallet,4.0
TK-100733,30/08/2026,CUST-0528,Jakarta,Rumah Tangga,53500,5,E-Wallet,5.0
TK-100884,2026-09-05,CUST-0162,Jakarta ,Fashion,337500,2,Kartu Kredit,5.0
TK-100690,29/08/2026,CUST-0449,Makassar,Makanan,66500,1,E-Wallet,4.0
TK-100477,2026-08-20,CUST-0452,Jakarta,Fashion,294500,5,COD,3.0
TK-100567,23/08/2026,CUST-0425,Jakarta,Fashion,177500,4,COD,4.0
TK-101432,2026-09-28,CUST-0223,sby,Kecantikan,143000,3,Transfer Bank,5.0
TK-100211,2026-08-09,CUST-0338,Surabaya,Rumah Tangga,Rp 135.000,1,E-Wallet,5.0
TK-101348,2026-09-24,CUST-0147,Surabaya,Kecantikan,205500,1,E-Wallet,4.0
TK-100566,2026-08-23,CUST-0227,Jakarta,Fashion,141000,1,,5.0
TK-100716,30/08/2026,CUST-0356,Jakarta,Fashion,Rp 131.000,1,Transfer Bank,3.0
TK-100704,2026-08-29,CUST-0463,Makassar,Fashion,Rp 92.000,4,e-wallet,5.0
TK-100550,2026-08-23,CUST-0070,Jakarta,Rumah Tangga,67500,1,COD,5.0
TK-101368,2026-09-25,CUST-0670,Jakarta,Rumah Tangga,109000,4,Transfer Bank,4.0
TK-100007,2026-08-01,CUST-0516,Surabaya,Elektronik,504000,1,Transfer Bank,4.0
TK-100957,2026-09-08,CUST-0091,Jakarta,Elektronik,385000,1,Transfer Bank,3.0
TK-100242,11/08/2026,CUST-0208,bandung,Rumah Tangga,134500,2,Kartu Kredit,
TK-101032,11/09/2026,CUST-0422,Jakarta,Kecantikan,122000,1,COD,4.0
TK-100876,04/09/2026,CUST-0669,Jakarta,Makanan,43000,5,E-Wallet,4.0
TK-100305,13/08/2026,CUST-0474,Jakarta,Kecantikan,134500,5,E-Wallet,4.0
TK-100355,2026-08-15,CUST-0203,Medan,Fashion,129500,4,COD,0.0
TK-100496,21/08/2026,CUST-0640,Jakarta,Fashion,185500,1,E-Wallet,3.0
TK-100036,02/08/2026,CUST-0598,Makassar,Kecantikan,92500,3,Kartu Kredit,
TK-100548,2026-08-23,CUST-0195,Medan,Fashion,246000,-1,Transfer Bank,4.0
TK-101290,2026-09-22,CUST-0189,Surabaya,Kecantikan,92000,4,E-Wallet,4.0
TK-100469,2026-08-19,CUST-0477,Makassar,Makanan,49500,2,Transfer Bank,4.0
TK-100988,2026-09-09,CUST-0201,Bandung,Kecantikan,54500,1,Kartu Kredit,4.0
TK-100564,2026-08-23,CUST-0019,Surabaya,Rumah Tangga,Rp 145.500,2,E-Wallet,5.0
TK-100719,2026-08-30,CUST-0624,Jakarta,Fashion,Rp 172.500,4,,5.0
TK-101387,2026-09-26,CUST-0066,sby,Fashion,125500,1,Kartu Kredit,3.0
TK-100153,2026-08-07,CUST-0373,Surabaya,Elektronik,Rp 845.000,1,E-Wallet,4.0
TK-100170,2026-08-07,CUST-0439,Makassar,Elektronik,960000,1,E-Wallet,3.0
TK-100425,2026-08-18,CUST-0349,Makassar,Elektronik,1107500,1,transfer,3.0
TK-100407,17/08/2026,CUST-0248,Medan,Fashion,148000,2,COD,4.0
TK-100404,2026-08-17,CUST-0585,Medan,Fashion,156000,2,E-Wallet,4.0
TK-100105,2026-08-05,CUST-0483,Makassar,Elektronik,438500,1,COD,
TK-100444,19/08/2026,CUST-0589,Surabaya,Kecantikan,167000,1,COD,3.0
TK-100723,2026-08-30,CUST-0341,MAKASSAR,Makanan,41000,1,Kartu Kredit,3.0
TK-101010,2026-09-10,CUST-0643,Bandung,Kecantikan,106000,1,E-Wallet,5.0
TK-101235,2026-09-20,CUST-0140,Bandung,Fashion,134500,4,Transfer Bank,5.0
TK-100902,2026-09-06,CUST-0642,Jakarta,Fashion,Rp 154.500,1,E-Wallet,5.0
TK-100399,2026-08-17,CUST-0353,Jakarta,Kecantikan,153500,4,COD,3.0
TK-101306,2026-09-23,CUST-0113,Bandung,Kecantikan,129000,5,COD,4.0
TK-100340,2026-08-14,CUST-0468,Makassar,Fashion,190000,3,E-Wallet,4.0
TK-101371,2026-09-25,CUST-0284,bdg,Makanan,71000,1,E-Wallet,4.0
TK-101390,2026-09-26,CUST-0511,Jakarta,Fashion,198000,1,Transfer Bank,
TK-100368,2026-08-16,CUST-0027,Bandung,Fashion,120500,1,COD,4.0
TK-101119,14/09/2026,CUST-0398,Makassar,Fashion,Rp 80.500,2,E-Wallet,5.0
TK-100490,2026-08-21,CUST-0341,Jakarta,Fashion,217500,5,COD,4.0
TK-101412,2026-09-27,CUST-0635,Bandung,Fashion,206500,1,COD,4.0
TK-100878,2026-09-05,CUST-0017,Surabaya,Fashion,164000,2,COD,4.0
TK-101257,21/09/2026,CUST-0626,Jakarta,Kecantikan,Rp 47.500,1,E-Wallet,5.0
TK-101419,27/09/2026,CUST-0014,Jakarta,Elektronik,2387000,2,Kartu Kredit,4.0
TK-100208,2026-08-09,CUST-0464,Surabaya,Rumah Tangga,105000,1,E-Wallet,3.0
TK-100596,2026-08-25,CUST-0084,Surabaya,Fashion,166000,5,E-Wallet,5.0
TK-100394,2026-08-17,CUST-0273,Bandung,Kecantikan,114000,2,Kartu Kredit,4.0
TK-101247,2026-09-20,CUST-0249,Surabaya,Kecantikan,79500,2,E-Wallet,4.0
TK-101188,2026-09-17,CUST-0442,Makassar,Makanan,46000,4,E-Wallet,
TK-100287,13/08/2026,CUST-0520,Bandung,Fashion,289000,2,Kartu Kredit,5.0
TK-101378,2026-09-26,CUST-0132,Medan,Rumah Tangga,146000,1,E-Wallet,5.0
TK-100748,30/08/2026,CUST-0483,Medan,Elektronik,453000,1,Transfer Bank,4.0
TK-100505,2026-08-22,CUST-0166,Surabaya,Fashion,56500,3,COD,4.0
TK-101145,2026-09-15,CUST-0575,Jakarta,Elektronik,803000,1,Transfer Bank,3.0
TK-100378,2026-08-16,CUST-0031,Makassar,Kecantikan,100500,1,E-WALLET,4.0
TK-100111,2026-08-05,CUST-0363,bdg,Fashion,190500,1,E-Wallet,4.0
TK-100871,2026-09-04,CUST-0237,Jakarta,Kecantikan,96000,3,Kartu Kredit,4.0
TK-100320,2026-08-14,CUST-0498,surabaya,Rumah Tangga,116000,4,COD,3.0
TK-101169,16/09/2026,CUST-0155,Medan,Rumah Tangga,193500,2,E-Wallet,3.0
TK-100864,2026-09-04,CUST-0208,Makassar,Makanan,53000,1,Transfer Bank,5.0
TK-100122,2026-08-05,CUST-0529,Surabaya,Makanan,Rp 41.500,3,E-Wallet,4.0
TK-100428,2026-08-18,CUST-0336,Jakarta,Fashion,890000,3,E-Wallet,4.0
TK-100898,06/09/2026,CUST-0604,Jakarta,Kecantikan,147500,1,E-Wallet,4.0
TK-100577,24/08/2026,CUST-0172,Makassar,Makanan,98500,1,E-Wallet,4.0
TK-101476,2026-09-30,CUST-0671,,Rumah Tangga,157500,1,Transfer Bank,4.0
TK-100435,2026-08-18,CUST-0626,Bandung,Makanan,43000,1,Transfer Bank,5.0
TK-100121,05/08/2026,CUST-0326,Jakarta,Fashion,365500,1,,5.0
TK-100682,2026-08-28,CUST-0633,Jakarta,Fashion,169500,5,E-Wallet,5.0
TK-100768,31/08/2026,CUST-0463,Jakarta,Elektronik,Rp 391.500,2,Transfer Bank,5.0
TK-100006,2026-08-01,CUST-0559,Jakarta,Kecantikan,123500,4,Transfer Bank,4.0
TK-100601,25/08/2026,CUST-0161,Jakarta ,Elektronik,924500,2,Transfer Bank,5.0
TK-101452,2026-09-29,CUST-0156,Medan,Fashion,117000,5,E-WALLET,3.0
TK-100042,02/08/2026,CUST-0049,Medan,Fashion,136500,2,E-Wallet,5.0
TK-101427,2026-09-28,CUST-0613,Surabaya,Fashion,161000,5,E-Wallet,5.0
TK-100544,23/08/2026,CUST-0450,Jakarta,Fashion,278500,5,COD,3.0
TK-100590,2026-08-24,CUST-0479,Surabaya,Fashion,168500,1,E-Wallet,5.0
TK-100005,2026-08-01,CUST-0345,Makassar,Fashion,174000,1,E-Wallet,
TK-100664,28/08/2026,CUST-0563,,Fashion,109500,1,E-Wallet,4.0
TK-101279,22/09/2026,CUST-0534,Jakarta,Kecantikan,Rp 161.500,1,TRANSFER BANK,4.0
TK-101180,2026-09-16,CUST-0515,Bandung,Fashion,197000,3,Transfer Bank,4.0
TK-100585,24/08/2026,CUST-0406,Medan,Elektronik,248500,2,COD,4.0
TK-101500,2026-09-30,CUST-0552,Bandung,Fashion,122500,1,Transfer Bank,4.0
TK-100603,25/08/2026,CUST-0323,Jakarta,Rumah Tangga,Rp 102.000,1,Kartu Kredit,
TK-100308,13/08/2026,CUST-0119,Makassar,Fashion,151500,1,E-Wallet,5.0
TK-100558,2026-08-23,CUST-0111,Makassar,Makanan,Rp 36.000,1,Kartu Kredit,3.0
TK-100579,2026-08-24,CUST-0428,Makassar,Fashion,152500,1,Transfer Bank,5.0
TK-100012,01/08/2026,CUST-0335,Jakarta,Makanan,56000,1,E-Wallet,4.0
TK-100053,2026-08-03,CUST-0601,Surabaya,Rumah Tangga,142000,1,E-Wallet,4.0
TK-101302,2026-09-22,CUST-0139,Makassar,Kecantikan,165000,1,COD,4.0
TK-101067,2026-09-12,CUST-0176,Makassar,Fashion,148500,5,E-Wallet,4.0
TK-100337,14/08/2026,CUST-0024,Surabaya,Makanan,66500,4,Kartu Kredit,3.0
TK-100027,2026-08-02,CUST-0060,Jakarta,Elektronik,383000,1,Transfer Bank,3.0
TK-100061,2026-08-03,CUST-0197,Bandung,Rumah Tangga,Rp 123.500,2,E-Wallet,5.0
TK-100483,2026-08-20,CUST-0112,Makassar,Elektronik,526000,2,COD,2.0
TK-100023,2026-08-01,CUST-0532,Makassar,Elektronik,969500,1,E-Wallet,3.0
TK-101400,2026-09-27,CUST-0478,Medan,Kecantikan,72000,1,COD,4.0
TK-101136,2026-09-15,CUST-0501,Bandung,Rumah Tangga,79500,1,COD,3.0
TK-101047,2026-09-11,CUST-0330,Makassar,Fashion,171000,1,Transfer Bank,4.0
TK-100717,2026-08-30,CUST-0599,Bandung,Makanan,69500,1,COD,
TK-100124,2026-08-06,CUST-0428,Bandung,Kecantikan,118500,2,E-Wallet,5.0
TK-100296,2026-08-13,CUST-0373,Makassar,Kecantikan,Rp 81.500,3,E-Wallet,3.0
TK-100653,27/08/2026,CUST-0563,Medan,Elektronik,1312000,2,Kartu Kredit,4.0
TK-100338,2026-08-14,CUST-0550,Surabaya,Fashion,79500,1,Transfer Bank,4.0
TK-101154,2026-09-15,CUST-0451,Medan,Makanan,67500,2,E-Wallet,5.0
TK-100771,2026-08-31,CUST-0287,Makassar,Fashion,185000,2,E-Wallet,5.0
TK-100151,2026-08-06,CUST-0667,Jakarta,Rumah Tangga,301500,1,E-Wallet,4.0
TK-100271,2026-08-12,CUST-0447,Jakarta,Fashion,Rp 117.500,4,COD,5.0
TK-100868,2026-09-04,CUST-0591,Medan,Elektronik,619500,1,COD,4.0
TK-100089,2026-08-04,CUST-0581,Bandung,Rumah Tangga,63000,1,E-Wallet,4.0
TK-101389,26/09/2026,CUST-0043,Surabaya,Kecantikan,Rp 80.000,3,Transfer Bank,
TK-101146,15/09/2026,CUST-0226,Medan,Elektronik,1607500,1,E-Wallet,5.0
TK-101450,29/09/2026,CUST-0066,Makassar,Fashion,212000,4,Transfer Bank,5.0
TK-100783,01/09/2026,CUST-0427,Surabaya,Fashion,103500,1,E-Wallet,5.0
TK-100430,18/08/2026,CUST-0385,Makassar,Rumah Tangga,Rp 71.500,3,E-Wallet,4.0
TK-100115,2026-08-05,CUST-0618,Surabaya,Fashion,75000,1,E-Wallet,5.0
TK-101305,23/09/2026,CUST-0059,Makassar,Fashion,78000,2,E-Wallet,5.0
TK-100606,2026-08-25,CUST-0441,Surabaya,Fashion,155000,1,E-Wallet,5.0
TK-100555,2026-08-23,CUST-0490,Jakarta,Kecantikan,158000,1,Transfer Bank,4.0
TK-100187,2026-08-08,CUST-0140,MEDAN,Makanan,75000,1,Kartu Kredit,5.0
TK-100758,2026-08-31,CUST-0262,Medan,Fashion,49000,4,Transfer Bank,4.0
TK-101499,2026-09-30,CUST-0645,Bandung,Kecantikan,Rp 130.500,5,E-Wallet,4.0
TK-100715,30/08/2026,CUST-0475,Jakarta,Fashion,318500,3,Transfer Bank,5.0
TK-101355,2026-09-25,CUST-0428,Bandung,Fashion,88000,1,COD,5.0
TK-100032,2026-08-02,CUST-0273,Bandung,Makanan,Rp 173.500,1,Transfer Bank,4.0
TK-100417,2026-08-18,CUST-0235,Medan,Makanan,73000,2,Transfer Bank,5.0
TK-100426,2026-08-18,CUST-0605,Medan,Rumah Tangga,43500,3,COD,4.0
TK-100580,2026-08-24,CUST-0424,Bandung,Elektronik,604000,1,E-Wallet,5.0
TK-100711,2026-08-29,CUST-0082,Makassar,Fashion,93000,2,E-Wallet,
TK-100174,07/08/2026,CUST-0342,Makassar,Rumah Tangga,Rp 215.000,1,E-Wallet,4.0
TK-101115,2026-09-14,CUST-0022,Jakarta,Fashion,122000,2,,
TK-100905,2026-09-06,CUST-0564,Medan,Elektronik,948000,1,COD,4.0
TK-101475,2026-09-29,CUST-0556,Makassar,Kecantikan,156500,1,e-wallet,5.0
TK-101282,2026-09-22,CUST-0308,Surabaya,Fashion,135000,5,COD,5.0
TK-101038,2026-09-11,CUST-0307,Medan,Fashion,129000,1,E-Wallet,
TK-101186,2026-09-17,CUST-0343,Bandung,Fashion,121000,1,E-Wallet,4.0
TK-100316,2026-08-14,CUST-0425,Bandung,Makanan,54500,2,E-Wallet,4.0
TK-100343,2026-08-15,CUST-0077,Medan,Fashion,Rp 153.500,2,E-Wallet,5.0
TK-100789,2026-09-01,CUST-0443,Jakarta,Makanan,31000,4,cod,5.0
TK-101426,2026-09-28,CUST-0546,Jakarta,Makanan,51000,4,COD,5.0
TK-100896,05/09/2026,CUST-0306,Surabaya,Kecantikan,108500,1,Transfer Bank,5.0
TK-100608,25/08/2026,CUST-0290,,Rumah Tangga,35500,1,COD,4.0
TK-100201,2026-08-08,CUST-0203,Surabaya,Kecantikan,140000,2,E-Wallet,3.0
TK-101428,2026-09-28,CUST-0021,mks,Kecantikan,Rp 72.500,1,e-wallet,5.0
TK-101175,16/09/2026,CUST-0241,Medan,Makanan,100500,5,Transfer Bank,4.0
TK-100630,2026-08-26,CUST-0003,Surabaya,Makanan,76500,2,E-Wallet,4.0
TK-100593,2026-08-25,CUST-0522,Jakarta,Rumah Tangga,156500,1,COD,2.0
TK-100098,2026-08-05,CUST-0417,Surabaya,Kecantikan,Rp 108.000,1,COD,5.0
TK-100325,2026-08-14,CUST-0013,Makassar,Fashion,152500,3,Cod,5.0
TK-100231,2026-08-10,CUST-0335,surabaya,Elektronik,1089000,1,E-Wallet,4.0
TK-100804,2026-09-02,CUST-0379,Surabaya,Fashion,177500,2,E-Wallet,5.0
TK-101453,2026-09-29,CUST-0507,Medan,Elektronik,1398000,2,CC,
TK-100128,06/08/2026,CUST-0004,DKI Jakarta,Kecantikan,104000,2,COD,5.0
TK-100873,04/09/2026,CUST-0649,Jakarta,Kecantikan,119000,3,E-Wallet,4.0
TK-101110,2026-09-14,CUST-0612,Makassar,Elektronik,976000,1,E-Wallet,2.0
TK-100889,2026-09-05,CUST-0525,Medan,Fashion,136000,3,E-Wallet,5.0
TK-100009,01/08/2026,CUST-0644,Medan,Makanan,52500,4,Transfer Bank,4.0
TK-101332,2026-09-23,CUST-0665,Surabaya,Makanan,29000,2,E-Wallet,4.0
TK-100193,2026-08-08,CUST-0041,Makassar,Rumah Tangga,84500,5,E-Wallet,4.0
TK-100697,2026-08-29,CUST-0498,Medan,Fashion,93500,5,E-Wallet,3.0
TK-101311,23/09/2026,CUST-0634,Jakarta,Elektronik,995000,2,E-Wallet,5.0
TK-100026,01/08/2026,CUST-0537,Medan,Fashion,196000,5,COD,5.0
TK-100341,2026-08-14,CUST-0570,Medan,Kecantikan,66000,3,E-Wallet,5.0
TK-100400,2026-08-17,CUST-0434,Makassar,Makanan,60000,1,Transfer Bank,5.0
TK-100864,2026-09-04,CUST-0208,Makassar,Makanan,53000,1,Transfer Bank,5.0
TK-101486,2026-09-30,CUST-0536,Jakarta,Fashion,174000,2,E-Wallet,4.0
TK-101354,2026-09-24,CUST-0630,Surabaya,Kecantikan,263500,2,COD,5.0
TK-101198,2026-09-17,CUST-0461,Medan,Fashion,370000,5,E-Wallet,4.0
TK-101445,28/09/2026,CUST-0413,Medan,Fashion,355000,3,Transfer Bank,4.0
TK-101430,28/09/2026,CUST-0145,,Makanan,59500,2,COD,4.0
TK-100039,2026-08-02,CUST-0077,Surabaya,Rumah Tangga,90000,2,COD,4.0
TK-100087,2026-08-04,CUST-0202,Makassar,Fashion,109500,1,E-WALLET,4.0
TK-100095,05/08/2026,CUST-0038,Surabaya,Fashion,369000,1,E-Wallet,5.0
TK-101335,2026-09-24,CUST-0111,Jakarta,Elektronik,2417500,2,Kartu Kredit,3.0
TK-100572,2026-08-24,CUST-0225,,Rumah Tangga,83500,4,COD,4.0
TK-100282,2026-08-12,CUST-0351,Makassar,Kecantikan,Rp 86.000,2,E-Wallet,4.0
TK-101015,2026-09-10,CUST-0126,Makassar,Makanan,Rp 59.000,5,COD,5.0
TK-101479,2026-09-30,CUST-0193,Bandung,Kecantikan,Rp 150.500,1,Transfer Bank,5.0
TK-101094,2026-09-13,CUST-0493,Jakarta,Fashion,Rp 230.500,1,,4.0
TK-101071,2026-09-12,CUST-0002,Medan,Kecantikan,107500,3,COD,5.0
TK-101352,2026-09-24,CUST-0383,Jakarta,Fashion,117500,5,E-Wallet,3.0
TK-100764,31/08/2026,CUST-0592,Bandung,Makanan,62000,4,E-Wallet,5.0
TK-100917,06/09/2026,CUST-0389,Makassar,Kecantikan,96000,1,E-WALLET,4.0
TK-101308,2026-09-23,CUST-0247,Jakarta,Rumah Tangga,104500,1,Kartu Kredit,5.0
TK-101283,2026-09-22,CUST-0652,Surabaya,Fashion,146500,1,Transfer Bank,
TK-100539,2026-08-22,CUST-0036,Makassar,Makanan,79000,1,E-Wallet,5.0
TK-101281,2026-09-22,CUST-0156,Makassar,Kecantikan,53500,2,E-Wallet,3.0
TK-101463,2026-09-29,CUST-0528,Medan,Fashion,136500,1,COD,4.0
TK-100742,30/08/2026,CUST-0578,Bandung,Fashion,220500,1,COD,2.0
TK-100735,30/08/2026,CUST-0594,Medan,Fashion,142000,1,COD,5.0
TK-100033,02/08/2026,CUST-0174,Makassar,Fashion,85500,5,COD,
TK-100252,11/08/2026,CUST-0542,Makassar,Rumah Tangga,120000,2,COD,3.0
TK-100223,2026-08-09,CUST-0076,Surabaya,Makanan,50000,2,kartu kredit,3.0
TK-100041,2026-08-02,CUST-0199,jkt,Rumah Tangga,62000,3,Transfer Bank,3.0
TK-101312,2026-09-23,CUST-0479,Jakarta,Kecantikan,Rp 43.000,1,Transfer Bank,4.0
TK-100774,2026-08-31,CUST-0135,Medan,Fashion,202000,3,cod,4.0
TK-100726,2026-08-30,CUST-0500,Medan,Kecantikan,140500,1,Kartu Kredit,5.0
TK-100228,2026-08-10,CUST-0671,Medan,Fashion,158000,2,Kartu Kredit,4.0
TK-100573,2026-08-24,CUST-0074,Medan,Fashion,211000,1,Transfer Bank,5.0
TK-100918,2026-09-07,CUST-0200,Jakarta,Kecantikan,193000,2,E-Wallet,4.0
TK-100820,02/09/2026,CUST-0657,Jakarta,Fashion,172500,2,E-Wallet,5.0
TK-100449,19/08/2026,CUST-0059,Surabaya,Fashion,Rp 97.000,5,E-Wallet,4.0
TK-101048,2026-09-12,CUST-0135,Medan,Makanan,62000,4,E-Wallet,4.0
TK-100978,09/09/2026,CUST-0351,Jakarta,Makanan,27000,3,cod,4.0
TK-101434,2026-09-28,CUST-0387,Makassar,Fashion,99000,2,E-Wallet,5.0
TK-100325,2026-08-14,CUST-0013,Makassar,Fashion,152500,3,Cod,5.0
TK-101425,2026-09-28,CUST-0161,Bandung,Makanan,78000,1,COD,5.0
TK-100134,06/08/2026,CUST-0526,Surabaya,Elektronik,924000,2,E-Wallet,4.0
TK-101150,2026-09-15,CUST-0180,Makassar,Fashion,Rp 219.500,2,ewallet,4.0
TK-100749,2026-08-30,CUST-0137,,Fashion,Rp 166.000,2,E-Wallet,4.0
TK-101000,2026-09-10,CUST-0393,MEDAN,Kecantikan,Rp 108.000,3,E-Wallet,4.0
TK-100680,28/08/2026,CUST-0443,Medan,Makanan,63000,1,COD,4.0
TK-100386,2026-08-17,CUST-0119,Makassar,Fashion,154500,1,E-Wallet,3.0
TK-100554,2026-08-23,CUST-0361,Medan,Elektronik,1027500,2,Transfer Bank,4.0
TK-100862,2026-09-04,CUST-0186,DKI Jakarta,Fashion,216000,5,Transfer Bank,
TK-100461,2026-08-19,CUST-0428,Makassar,Rumah Tangga,Rp 60.500,1,COD,4.0
TK-100928,2026-09-07,CUST-0241,Bandung,Fashion,88000,4,Transfer Bank,5.0
TK-100891,2026-09-05,CUST-0033,Jakarta,Rumah Tangga,102000,2,E-Wallet,3.0
TK-100560,2026-08-23,CUST-0272,bandung,Elektronik,Rp 1.034.000,2,Kartu Kredit,3.0
TK-100295,2026-08-13,CUST-0462,Surabaya,Elektronik,1233000,1,Kartu Kredit,5.0
TK-100127,06/08/2026,CUST-0123,Makassar,Makanan,26500,2,E-Wallet,4.0
TK-100439,2026-08-18,CUST-0589,Jakarta,Rumah Tangga,200000,1,COD,5.0
TK-101441,2026-09-28,CUST-0116,Jakarta,Rumah Tangga,116500,2,Transfer Bank,5.0
TK-100710,2026-08-29,CUST-0429,Makassar,Kecantikan,151000,1,Transfer Bank,4.0
TK-100391,2026-08-17,CUST-0574,Jakarta,Kecantikan,153500,2,CC,4.0
TK-100432,18/08/2026,CUST-0031,Surabaya,Fashion,Rp 181.500,1,E-Wallet,5.0
TK-101118,2026-09-14,CUST-0664,Jakarta,Rumah Tangga,69500,2,E-WALLET,5.0
TK-100745,2026-08-30,CUST-0169,Medan,Fashion,103500,4,Kartu Kredit,4.0
TK-100021,01/08/2026,CUST-0434,Medan,Kecantikan,100500,1,E-Wallet,5.0
TK-101358,25/09/2026,CUST-0437,Medan,Elektronik,1728500,1,Transfer Bank,
TK-100577,24/08/2026,CUST-0172,Makassar,Makanan,98500,1,E-Wallet,4.0
TK-100589,2026-08-24,CUST-0538,Makassar,Fashion,166000,3,Kartu Kredit,4.0
TK-100980,09/09/2026,CUST-0439,Makassar,Fashion,265000,1,Transfer Bank,5.0
TK-100675,2026-08-28,CUST-0650,,Makanan,Rp 86.000,3,E-Wallet,5.0
TK-100395,2026-08-17,CUST-0501,Jakarta,Elektronik,613000,1,ewallet,4.0
TK-100062,2026-08-03,CUST-0166,Surabaya,Elektronik,469000,1,E-Wallet,4.0
TK-101081,2026-09-12,CUST-0496,,Rumah Tangga,92500,3,E-Wallet,4.0
TK-100186,08/08/2026,CUST-0342,Jakarta,Elektronik,482500,2,e-wallet,4.0
TK-100472,2026-08-20,CUST-0482,Makassar,Rumah Tangga,184500,1,COD,3.0
TK-100239,2026-08-10,CUST-0341,Jakarta,Kecantikan,Rp 101.000,2,COD,5.0
TK-100154,07/08/2026,CUST-0267,Jakarta,Kecantikan,117000,3,COD,2.0
TK-100358,16/08/2026,CUST-0137,Bandung,Elektronik,743000,1,E-Wallet,4.0
TK-101422,2026-09-28,CUST-0076,MAKASSAR,Fashion,304500,3,E-Wallet,4.0
TK-100274,12/08/2026,CUST-0301,Jakarta,Fashion,164000,4,COD,3.0
TK-100260,12/08/2026,CUST-0509,Makassar,Elektronik,2056500,2,E-Wallet,5.0
TK-101477,2026-09-30,CUST-0537,Bandung,Rumah Tangga,79500,2,COD,4.0
TK-101224,2026-09-19,CUST-0251,Surabaya,Fashion,150000,3,Transfer Bank,5.0
TK-100016,2026-08-01,CUST-0093,JAKARTA,Elektronik,640500,1,E-WALLET,3.0
TK-101045,2026-09-11,CUST-0123,Makassar,Rumah Tangga,119500,1,Transfer Bank,4.0
TK-100528,2026-08-22,CUST-0197,Makassar,Elektronik,838000,1,Transfer Bank,4.0
TK-100855,2026-09-04,CUST-0038,Bandung,Fashion,105500,2,COD,4.0
TK-100261,2026-08-12,CUST-0641,,Fashion,194000,2,Transfer Bank,4.0
TK-100565,2026-08-23,CUST-0478,Makassar,Fashion,177500,1,Kartu Kredit,4.0
TK-101295,22/09/2026,CUST-0379,Medan,Kecantikan,87000,1,ewallet,3.0
TK-100070,2026-08-03,CUST-0076,Jakarta,Rumah Tangga,161500,3,Kartu Kredit,
TK-101357,2026-09-25,CUST-0638,DKI Jakarta,Makanan,51500,4,Transfer Bank,4.0
TK-100806,2026-09-02,CUST-0380,Jakarta,Fashion,100000,2,E-Wallet,5.0
TK-100493,21/08/2026,CUST-0291,Medan,Fashion,74500,2,Transfer Bank,3.0
TK-100477,2026-08-20,CUST-0452,Jakarta,Fashion,294500,5,COD,3.0
TK-100910,2026-09-06,CUST-0502,Surabaya,Rumah Tangga,90000,1,Transfer Bank,5.0
TK-100310,2026-08-14,CUST-0643,Medan,Makanan,30000,1,Transfer Bank,5.0
TK-100145,2026-08-06,CUST-0490,Makassar,Makanan,23500,1,Kartu Kredit,4.0
TK-100468,19/08/2026,CUST-0234,Makassar,Kecantikan,137500,1,COD,3.0
TK-100240,10/08/2026,CUST-0660,Jakarta,Makanan,57000,1,Transfer Bank,3.0
TK-100246,11/08/2026,CUST-0513,Surabaya,Fashion,73000,2,COD,5.0
TK-101211,2026-09-18,CUST-0586,Jakarta,Fashion,140000,4,TRANSFER BANK,5.0
TK-100913,2026-09-06,CUST-0445,Jakarta,Kecantikan,90000,1,E-Wallet,5.0
TK-101168,2026-09-16,CUST-0600,Makassar,Makanan,Rp 57.000,1,Transfer Bank,4.0
TK-101028,2026-09-11,CUST-0263,Bandung,Kecantikan,72500,5,Transfer Bank,4.0
TK-100071,2026-08-03,CUST-0515,Bandung,Fashion,205500,1,COD,4.0
TK-100581,2026-08-24,CUST-0394,Surabaya,Elektronik,499500,1,Transfer Bank,4.0
TK-100221,2026-08-09,CUST-0534,Jakarta,Elektronik,615000,1,E-Wallet,4.0
TK-100466,2026-08-19,CUST-0472,Surabaya,Fashion,149500,4,COD,4.0
TK-101132,2026-09-14,CUST-0360,Makassar ,Rumah Tangga,130500,2,Transfer Bank,4.0
TK-100379,2026-08-16,CUST-0217,Jakarta,Kecantikan,Rp 74.500,2,E-Wallet,5.0
TK-101417,2026-09-27,CUST-0669,Surabaya,Rumah Tangga,216500,1,E-Wallet,5.0
TK-101481,30/09/2026,CUST-0159,DKI Jakarta,Kecantikan,Rp 125.000,5,Kartu Kredit,3.0
TK-100829,2026-09-03,CUST-0129,Jakarta,Fashion,140500,2,Transfer Bank,5.0
TK-100522,22/08/2026,CUST-0197,Surabaya,Makanan,86500,3,E-Wallet,
TK-100662,2026-08-28,CUST-0447,Makassar,Kecantikan,241500,1,ewallet,5.0
TK-100436,2026-08-18,CUST-0286,Medan,Kecantikan,Rp 87.500,2,COD,
TK-101488,2026-09-30,CUST-0052,Makassar,Fashion,118000,4,E-Wallet,
TK-101365,25/09/2026,CUST-0645,MAKASSAR,Elektronik,1376500,1,COD,4.0
TK-100659,2026-08-28,CUST-0339,Surabaya,Kecantikan,147000,1,E-Wallet,4.0
TK-101176,16/09/2026,CUST-0227,Jakarta ,Kecantikan,113500,1,Transfer Bank,5.0
TK-101313,2026-09-23,CUST-0508,Surabaya,Fashion,187500,2,E-Wallet,
TK-100374,2026-08-16,CUST-0031,BANDUNG,Fashion,71500,2,Transfer Bank,4.0
TK-101009,2026-09-10,CUST-0319,Bandung,Rumah Tangga,113000,3,E-Wallet,5.0
TK-100553,2026-08-23,CUST-0452,Jakarta ,Fashion,262000,4,Transfer Bank,5.0
TK-101267,2026-09-21,CUST-0067,Medan,Fashion,155000,1,COD,4.0
TK-100431,2026-08-18,CUST-0515,Makassar,Fashion,196000,1,Transfer Bank,5.0
TK-100114,2026-08-05,CUST-0458,Makassar,Makanan,62000,2,Transfer Bank,3.0
TK-100002,2026-08-01,CUST-0515,Jakarta,Fashion,185000,1,Kartu Kredit,5.0
TK-100416,2026-08-18,CUST-0059,Bandung,Makanan,55000,2,COD,3.0
TK-100170,2026-08-07,CUST-0439,Makassar,Elektronik,960000,1,E-Wallet,3.0
TK-100718,2026-08-30,CUST-0016,Jakarta,Kecantikan,Rp 110.000,5,E-Wallet,4.0
TK-100495,21/08/2026,CUST-0546,Surabaya,Kecantikan,92000,4,Transfer Bank,
TK-100045,2026-08-02,CUST-0565,MAKASSAR,Fashion,68000,1,Transfer Bank,3.0
TK-100519,2026-08-22,CUST-0649,Surabaya,Kecantikan,89500,2,COD,3.0
TK-100372,16/08/2026,CUST-0053,MEDAN,Fashion,97500,1,E-Wallet,3.0
TK-101321,2026-09-23,CUST-0208,Medan,Rumah Tangga,156000,2,E-Wallet,5.0
TK-101179,2026-09-16,CUST-0569,bdg,Fashion,188000,2,Transfer Bank,3.0
TK-100331,2026-08-14,CUST-0660,Surabaya,Elektronik,302000,1,COD,3.0
TK-101221,19/09/2026,CUST-0459,Jakarta,Kecantikan,63000,1,E-Wallet,4.0
TK-100286,2026-08-13,CUST-0538,makassar,Rumah Tangga,94000,1,E-Wallet,5.0
TK-100763,2026-08-31,CUST-0063,Makassar,Kecantikan,110000,3,Transfer Bank,4.0
TK-100639,2026-08-27,CUST-0010,Jakarta,Makanan,49500,2,Transfer Bank,4.0
TK-101018,2026-09-10,CUST-0327,Makassar,Makanan,71000,1,E-Wallet,4.0
TK-101153,2026-09-15,CUST-0640,Makassar,Makanan,Rp 59.500,5,Transfer Bank,4.0
TK-101337,2026-09-24,CUST-0415,Surabaya,Makanan,76000,4,ewallet,4.0
TK-100508,2026-08-22,CUST-0182,,Rumah Tangga,81000,2,E-Wallet,5.0
TK-100916,06/09/2026,CUST-0380,Bandung,Rumah Tangga,71500,3,Transfer Bank,4.0
TK-100798,2026-09-01,CUST-0657,Makassar,Fashion,82000,2,E-Wallet,4.0
TK-100972,08/09/2026,CUST-0102,Makassar,Fashion,166500,2,COD,5.0
TK-100256,2026-08-11,CUST-0286,Jakarta,Fashion,220000,3,Kartu Kredit,5.0
TK-101340,2026-09-24,CUST-0489,Makassar,Fashion,103500,4,E-Wallet,5.0
TK-101016,2026-09-10,CUST-0329,Surabaya,Elektronik,853000,1,Transfer Bank,3.0
TK-100671,2026-08-28,CUST-0163,Surabaya,Kecantikan,77500,4,Kartu Kredit,5.0
TK-100556,2026-08-23,CUST-0398,Medan,Rumah Tangga,93000,1,E-Wallet,4.0
TK-100350,15/08/2026,CUST-0424,Makassar,Fashion,Rp 120.500,4,E-Wallet,
TK-100514,2026-08-22,CUST-0268,Jakarta,Kecantikan,175500,5,E-Wallet,5.0
TK-101205,2026-09-17,CUST-0095,Surabaya,Fashion,Rp 185.000,2,Transfer Bank,4.0
TK-101093,2026-09-13,CUST-0243,Makassar,Elektronik,332000,1,E-Wallet,4.0
TK-100096,05/08/2026,CUST-0475,Makassar,Elektronik,Rp 1.865.500,1,COD,4.0
TK-100075,2026-08-03,CUST-0500,Surabaya,Rumah Tangga,94500,5,Transfer Bank,
TK-100278,2026-08-12,CUST-0021,Medan,Makanan,Rp 38.500,1,Transfer Bank,5.0
TK-100846,03/09/2026,CUST-0586,Jakarta,Fashion,105500,2,COD,5.0
TK-100974,2026-09-09,CUST-0465,Medan,Makanan,203000,2,E-Wallet,
TK-100624,26/08/2026,CUST-0146,Jakarta,Rumah Tangga,210000,3,Transfer Bank,5.0
TK-100069,2026-08-03,CUST-0549,mks,Kecantikan,149500,1,E-Wallet,4.0
TK-101347,24/09/2026,CUST-0570,Bandung,Fashion,299500,2,E-Wallet,5.0
TK-101140,2026-09-15,CUST-0059,Surabaya,Elektronik,817000,2,E-Wallet,5.0
TK-100424,2026-08-18,CUST-0214,Surabaya,Rumah Tangga,144000,2,Kartu Kredit,5.0
TK-100602,25/08/2026,CUST-0344,Medan,Kecantikan,76000,4,Kartu Kredit,5.0
TK-101243,2026-09-20,CUST-0328,Makassar,Fashion,78000,4,transfer,4.0
TK-100001,01/08/2026,CUST-0471,Bandung,Fashion,214500,5,COD,4.0
TK-100380,2026-08-16,CUST-0395,Jakarta,Rumah Tangga,171000,1,E-Wallet,4.0
TK-101291,2026-09-22,CUST-0286,Surabaya,Rumah Tangga,94000,5,TRANSFER BANK,4.0
TK-100861,2026-09-04,CUST-0422,Medan,Fashion,211000,1,COD,5.0
TK-101402,27/09/2026,CUST-0193,bdg,Elektronik,1753000,1,E-Wallet,4.0
TK-100677,2026-08-28,CUST-0116,Medan,Fashion,141000,5,COD,4.0
TK-100263,2026-08-12,CUST-0397,Jakarta,Rumah Tangga,70500,5,E-Wallet,5.0
TK-101004,2026-09-10,CUST-0074,Surabaya,Elektronik,Rp 1.854.500,1,COD,3.0
TK-100616,2026-08-26,CUST-0146,makassar,Makanan,31500,2,COD,2.0
TK-101044,2026-09-11,CUST-0297,BANDUNG,Fashion,221000,5,Transfer Bank,5.0
TK-100526,2026-08-22,CUST-0237,Medan,Rumah Tangga,Rp 111.000,1,E-Wallet,5.0
TK-100215,2026-08-09,CUST-0495,Jakarta,Rumah Tangga,200000,4,E-Wallet,5.0
TK-100836,2026-09-03,CUST-0300,Medan,Fashion,162000,2,E-Wallet,
TK-100679,2026-08-28,CUST-0287,Makassar,Fashion,106500,2,E-Wallet,3.0
TK-100339,2026-08-14,CUST-0529,Medan,Fashion,60000,4,COD,4.0
TK-100530,2026-08-22,CUST-0565,Makassar,Fashion,145500,4,E-Wallet,5.0
TK-101053,2026-09-12,CUST-0624,Surabaya,Makanan,73000,1,transfer,4.0
TK-101070,2026-09-12,CUST-0237,Medan,Fashion,Rp 227.500,5,E-Wallet,5.0
TK-100140,2026-08-06,CUST-0641,Jakarta,Rumah Tangga,Rp 183.000,2,E-Wallet,4.0
TK-100727,2026-08-30,CUST-0011,Jakarta,Fashion,146000,1,E-Wallet,3.0
TK-101429,2026-09-28,CUST-0028,Bandung,Elektronik,384500,1,Transfer Bank,3.0
TK-100200,2026-08-08,CUST-0030,Makassar,Kecantikan,131000,5,COD,3.0
TK-101287,2026-09-22,CUST-0624,Medan,Makanan,29500,2,E-Wallet,3.0
TK-100515,2026-08-22,CUST-0113,Makassar,Rumah Tangga,147500,1,Transfer Bank,4.0
TK-100661,2026-08-28,CUST-0084,Makassar,Makanan,Rp 48.000,1,E-Wallet,4.0
TK-100549,2026-08-23,CUST-0095,,Kecantikan,45500,5,COD,5.0
TK-101143,2026-09-15,CUST-0046,Jakarta,Elektronik,Rp 921.500,1,Transfer Bank,3.0
TK-100518,2026-08-22,CUST-0074,Makassar,Makanan,54500,1,Transfer Bank,5.0
TK-101329,2026-09-23,CUST-0613,Jakarta,Makanan,137000,1,E-Wallet,5.0
TK-100020,2026-08-01,CUST-0077,Jakarta,Rumah Tangga,81500,1,E-Wallet,5.0
TK-100086,2026-08-04,CUST-0473,Medan,Rumah Tangga,68000,2,E-Wallet,5.0
TK-100212,2026-08-09,CUST-0049,Makassar,Kecantikan,122000,4,Transfer Bank,4.0
TK-100604,2026-08-25,CUST-0610,Jakarta,Makanan,38500,1,E-Wallet,5.0
TK-100969,2026-09-08,CUST-0133,Makassar,Fashion,131000,3,COD,3.0
TK-101359,2026-09-25,CUST-0636,Makassar ,Rumah Tangga,145000,5,Cod,3.0
TK-100552,2026-08-23,CUST-0609,Bandung,Elektronik,1953500,1,E-Wallet,4.0
TK-100802,2026-09-01,CUST-0474,Jakarta,Kecantikan,131500,1,COD,4.0
TK-100877,04/09/2026,CUST-0196,JAKARTA,Fashion,247500,5,E-Wallet,4.0
TK-100008,01/08/2026,CUST-0394,Jakarta,Elektronik,846500,1,CC,4.0
TK-101320,2026-09-23,CUST-0495,Makassar,Elektronik,2654500,1,E-Wallet,4.0
TK-100600,2026-08-25,CUST-0147,Surabaya,Kecantikan,88000,5,E-Wallet,5.0
TK-100285,12/08/2026,CUST-0516,Jakarta,Fashion,158500,1,cod,
TK-101477,2026-09-30,CUST-0537,Bandung,Rumah Tangga,79500,2,COD,4.0
TK-101113,14/09/2026,CUST-0607,Surabaya,Makanan,51000,5,E-Wallet,5.0
TK-101236,2026-09-20,CUST-0218,,Fashion,101000,3,E-Wallet,4.0
TK-100119,2026-08-05,CUST-0055,Medan,Rumah Tangga,144000,4,E-Wallet,5.0
TK-101189,17/09/2026,CUST-0557,Surabaya,Fashion,Rp 120.500,1,Kartu Kredit,5.0
TK-101289,2026-09-22,CUST-0349,,Fashion,337500,1,E-Wallet,
TK-100126,2026-08-06,CUST-0287,Jakarta,Kecantikan,83500,1,Transfer Bank,4.0
TK-100786,2026-09-01,CUST-0096,Makassar,Rumah Tangga,103500,3,E-Wallet,4.0
TK-100778,2026-08-31,CUST-0005,Jakarta,Elektronik,761500,1,COD,
TK-101471,29/09/2026,CUST-0389,Surabaya,Fashion,97500,3,E-Wallet,5.0
TK-101102,2026-09-13,CUST-0425,Jakarta,Fashion,88500,1,E-Wallet,5.0
TK-101014,10/09/2026,CUST-0484,medan ,Fashion,95500,1,E-Wallet,3.0
TK-100702,29/08/2026,CUST-0241,Makassar,Elektronik,668500,1,E-Wallet,4.0
TK-100288,2026-08-13,CUST-0236,mks,Fashion,93000,1,E-Wallet,4.0
TK-100345,15/08/2026,CUST-0585,Jakarta,Fashion,105000,2,Transfer Bank,5.0
TK-101363,2026-09-25,CUST-0632,Jakarta,Kecantikan,48500,1,COD,4.0
TK-100081,2026-08-04,CUST-0446,Makassar,Kecantikan,177000,3,E-Wallet,4.0
TK-101098,2026-09-13,CUST-0471,Bandung,Kecantikan,61500,1,E-Wallet,4.0
TK-100390,17/08/2026,CUST-0013,Jakarta,Elektronik,784500,1,Transfer Bank,4.0
TK-100810,2026-09-02,CUST-0153,Medan,Kecantikan,61000,3,E-Wallet,4.0
TK-101403,2026-09-27,CUST-0554,Makassar,Fashion,122000,-2,COD,4.0
TK-101216,2026-09-18,CUST-0516,MAKASSAR,Elektronik,1422000,2,E-Wallet,
TK-100850,03/09/2026,CUST-0505,medan ,Elektronik,539500,1,Transfer Bank,3.0
TK-100258,2026-08-11,CUST-0591,Makassar,Rumah Tangga,142000,2,Transfer Bank,5.0
TK-100438,2026-08-18,CUST-0487,Makassar,Rumah Tangga,145500,5,COD,4.0
TK-100648,27/08/2026,CUST-0364,medan ,Kecantikan,70000,1,COD,3.0
TK-100333,2026-08-14,CUST-0241,Surabaya,Makanan,47500,1,Transfer Bank,4.0
TK-100289,2026-08-13,CUST-0175,Jakarta,Kecantikan,79500,2,COD,5.0
TK-100484,2026-08-20,CUST-0225,Bandung,Fashion,Rp 165.000,2,E-Wallet,5.0
TK-101423,2026-09-28,CUST-0027,Jakarta,Elektronik,283000,2,E-Wallet,3.0
TK-101077,12/09/2026,CUST-0521,Jakarta,Fashion,228500,2,E-Wallet,5.0
TK-101091,2026-09-13,CUST-0534,Bandung,Fashion,127000,1,COD,5.0
TK-100782,01/09/2026,CUST-0213,DKI Jakarta,Rumah Tangga,176500,1,E-Wallet,5.0
TK-101314,23/09/2026,CUST-0602,Makassar,Fashion,123500,3,COD,4.0
TK-100309,2026-08-13,CUST-0175,DKI Jakarta,Kecantikan,113000,4,COD,5.0
TK-101174,2026-09-16,CUST-0280,Jakarta,Kecantikan,180000,36,E-Wallet,4.0
TK-100226,2026-08-10,CUST-0656,Makassar,Rumah Tangga,156500,2,E-Wallet,5.0
TK-100525,2026-08-22,CUST-0372,sby,Makanan,Rp 31.000,4,E-Wallet,5.0
TK-101498,2026-09-30,CUST-0259,Jakarta,Rumah Tangga,35500,4,E-Wallet,4.0
TK-100936,07/09/2026,CUST-0365,Bandung,Makanan,Rp 44.500,1,COD,4.0
TK-101046,2026-09-11,CUST-0258,Makassar,Elektronik,2659500,1,COD,3.0
TK-101117,14/09/2026,CUST-0485,Medan,Makanan,86500,1,Transfer Bank,3.0
TK-101017,2026-09-10,CUST-0151,Jakarta,Kecantikan,84500,3,E-Wallet,3.0
TK-100963,2026-09-08,CUST-0383,Makassar,Kecantikan,64500,1,Kartu Kredit,3.0
TK-100929,2026-09-07,CUST-0281,Makassar,Fashion,136500,3,E-Wallet,5.0
TK-101225,2026-09-19,CUST-0606,Medan,Elektronik,821000,1,,5.0
TK-101151,2026-09-15,CUST-0552,Jakarta,Elektronik,921500,1,E-Wallet,5.0
TK-101073,12/09/2026,CUST-0545,Makassar,Elektronik,1182500,1,Transfer Bank,3.0
TK-101212,18/09/2026,CUST-0358,Jakarta,Fashion,Rp 175.000,1,E-Wallet,4.0
TK-100353,2026-08-15,CUST-0106,Jakarta,Elektronik,513000,1,E-Wallet,3.0
TK-100294,2026-08-13,CUST-0549,Makassar,Rumah Tangga,88000,3,E-Wallet,4.0
TK-101407,2026-09-27,CUST-0404,MAKASSAR,Kecantikan,98500,1,E-Wallet,4.0
TK-101114,14/09/2026,CUST-0494,Surabaya,Rumah Tangga,112500,1,E-Wallet,4.0
TK-100237,2026-08-10,CUST-0194,Jakarta,Kecantikan,Rp 68.000,1,Kartu Kredit,5.0
TK-100922,2026-09-07,CUST-0610,Surabaya,Fashion,154000,1,E-Wallet,4.0
TK-100132,2026-08-06,CUST-0025,Jakarta,Kecantikan,89500,1,E-Wallet,5.0
TK-100133,2026-08-06,CUST-0339,Makassar,Rumah Tangga,106500,5,E-Wallet,4.0
TK-100447,2026-08-19,CUST-0167,Bandung,Elektronik,2126500,2,E-Wallet,2.0
TK-100607,2026-08-25,CUST-0283,Surabaya,Fashion,77000,1,COD,4.0
TK-100915,06/09/2026,CUST-0280,Makassar,Makanan,Rp 53.500,2,TRANSFER BANK,4.0
TK-100609,2026-08-25,CUST-0626,Surabaya,Fashion,307000,2,E-Wallet,5.0
TK-100241,2026-08-11,CUST-0020,Jakarta,Elektronik,1017500,1,COD,
TK-100511,22/08/2026,CUST-0438,Jakarta,Fashion,156500,1,Transfer Bank,4.0
TK-101124,14/09/2026,CUST-0545,Medan,Fashion,115000,3,E-Wallet,
TK-100365,16/08/2026,CUST-0655,Bandung,Kecantikan,113500,1,COD,5.0
TK-100975,2026-09-09,CUST-0388,Makassar,Fashion,109500,1,E-Wallet,5.0
TK-100746,2026-08-30,CUST-0672,Medan,Fashion,149000,3,E-Wallet,4.0
TK-100182,08/08/2026,CUST-0485,Makassar,Makanan,34500,1,COD,3.0
TK-100865,2026-09-04,CUST-0324,Makassar,Elektronik,1360500,1,Kartu Kredit,5.0
TK-100393,2026-08-17,CUST-0418,Jakarta,Makanan,99500,2,Kartu Kredit,4.0
TK-101421,2026-09-28,CUST-0211,Jakarta,Kecantikan,93500,1,Kartu Kredit,3.0
TK-100035,2026-08-02,CUST-0426,Surabaya,Fashion,207500,2,COD,3.0
TK-100129,2026-08-06,CUST-0128,Surabaya,Rumah Tangga,222500,2,E-Wallet,5.0
TK-100908,2026-09-06,CUST-0199,Makassar,Fashion,171500,5,Transfer Bank,4.0
TK-100266,2026-08-12,CUST-0603,Medan,Makanan,Rp 31.500,4,Kartu Kredit,5.0
TK-100190,2026-08-08,CUST-0290,Surabaya,Kecantikan,109000,1,E-Wallet,4.0
TK-100272,2026-08-12,CUST-0225,Makassar,Kecantikan,83500,1,Cod,5.0
TK-101149,15/09/2026,CUST-0457,Surabaya,Rumah Tangga,123500,1,Kartu Kredit,4.0
TK-100480,2026-08-20,CUST-0606,Medan,Fashion,192000,1,E-Wallet,3.0
TK-100887,05/09/2026,CUST-0660,Medan,Kecantikan,79500,1,E-Wallet,4.0
TK-100267,2026-08-12,CUST-0100,Jakarta,Kecantikan,97000,1,E-Wallet,4.0
TK-100250,2026-08-11,CUST-0661,Jakarta,Elektronik,555500,1,E-Wallet,5.0
TK-101215,18/09/2026,CUST-0201,Jakarta,Kecantikan,103000,1,E-Wallet,4.0
TK-100943,2026-09-07,CUST-0512,Jakarta,Kecantikan,83500,1,E-WALLET,
TK-100203,2026-08-09,CUST-0451,Makassar,Makanan,51000,2,Transfer Bank,5.0
TK-101191,17/09/2026,CUST-0072,DKI Jakarta,Fashion,103000,2,Transfer Bank,4.0
TK-101342,2026-09-24,CUST-0452,Makassar,Rumah Tangga,143500,3,,5.0
TK-100410,18/08/2026,CUST-0652,,Makanan,24000,1,COD,3.0
TK-101213,18/09/2026,CUST-0154,Jakarta,Rumah Tangga,163500,1,Transfer Bank,4.0
TK-100362,16/08/2026,CUST-0606,Makassar,Kecantikan,101500,1,Kartu Kredit,
TK-100998,2026-09-10,CUST-0595,Jakarta,Fashion,256000,2,E-Wallet,5.0
TK-100063,2026-08-03,CUST-0191,Makassar,Fashion,157000,2,Transfer Bank,4.0
TK-100634,2026-08-27,CUST-0009,Jakarta,Rumah Tangga,131500,4,E-Wallet,3.0
TK-100065,03/08/2026,CUST-0055,Bandung,Fashion,270000,2,E-Wallet,3.0
TK-100712,2026-08-29,CUST-0549,Surabaya,Kecantikan,80500,1,E-Wallet,5.0
TK-100693,2026-08-29,CUST-0520,Jakarta,Fashion,Rp 263.500,5,COD,5.0
TK-101310,2026-09-23,CUST-0501,Jakarta,Kecantikan,57000,5,E-Wallet,5.0
TK-100909,06/09/2026,CUST-0543,Bandung,Fashion,Rp 125.500,1,E-Wallet,5.0
TK-100207,2026-08-09,CUST-0041,Jakarta,Fashion,158000,5,E-Wallet,5.0
TK-101012,2026-09-10,CUST-0551,Makassar,Kecantikan,42500,1,COD,4.0
TK-101184,16/09/2026,CUST-0013,Surabaya,Elektronik,Rp 1.028.000,1,E-Wallet,2.0
TK-100089,2026-08-04,CUST-0581,Bandung,Rumah Tangga,63000,1,E-Wallet,4.0
TK-100019,2026-08-01,CUST-0611,Makassar,Makanan,34000,1,Kartu Kredit,5.0
TK-100108,2026-08-05,CUST-0500,Medan,Fashion,92000,2,Kartu Kredit,5.0
TK-100995,09/09/2026,CUST-0394,Makassar,Makanan,59000,3,Kartu Kredit,5.0
TK-101049,2026-09-12,CUST-0002,Jakarta,Rumah Tangga,227000,3,E-Wallet,3.0
TK-100298,2026-08-13,CUST-0459,Surabaya,Elektronik,418500,1,Transfer Bank,
TK-100506,2026-08-22,CUST-0445,Surabaya,Rumah Tangga,48000,1,COD,
TK-100900,2026-09-06,CUST-0462,Bandung,Rumah Tangga,125500,1,Kartu Kredit,5.0
TK-100842,2026-09-03,CUST-0327,Surabaya,Rumah Tangga,118000,4,E-Wallet,4.0
TK-101057,2026-09-12,CUST-0230,Jakarta,Fashion,73000,1,Transfer Bank,5.0
TK-101397,2026-09-27,CUST-0281,Surabaya,Kecantikan,30500,1,e-wallet,
TK-100091,2026-08-04,CUST-0496,JAKARTA,Rumah Tangga,176000,1,Kartu Kredit,4.0
TK-100307,13/08/2026,CUST-0350,Jakarta,Fashion,Rp 260.500,3,Transfer Bank,5.0
TK-100048,2026-08-02,CUST-0028,,Rumah Tangga,88000,5,E-Wallet,4.0
TK-101480,2026-09-30,CUST-0213,Makassar,Rumah Tangga,83000,1,Kartu Kredit,5.0
TK-100960,2026-09-08,CUST-0063,Medan,Elektronik,548500,1,E-Wallet,4.0
TK-100698,2026-08-29,CUST-0631,Bandung,Makanan,71500,4,E-Wallet,4.0
TK-101020,2026-09-10,CUST-0398,Surabaya,Rumah Tangga,498500,1,Transfer Bank,5.0
TK-101187,2026-09-17,CUST-0343,Surabaya,Fashion,150000,5,E-Wallet,4.0
TK-101326,2026-09-23,CUST-0058,Makassar,Elektronik,992500,1,Transfer Bank,4.0
TK-101204,17/09/2026,CUST-0453,Makassar,Fashion,111000,1,Kartu Kredit,5.0
TK-100822,2026-09-02,CUST-0269,Bandung,Elektronik,1205500,1,E-Wallet,4.0
TK-100973,2026-09-09,CUST-0055,Jakarta,Fashion,153000,1,E-Wallet,4.0
TK-101107,2026-09-13,CUST-0042,Surabaya,Fashion,305000,3,e-wallet,
TK-100709,29/08/2026,CUST-0410,Jakarta,Rumah Tangga,122000,1,E-Wallet,5.0
TK-100860,2026-09-04,CUST-0088,Jakarta,Kecantikan,83000,1,COD,5.0
TK-101068,2026-09-12,CUST-0303,Bandung,Fashion,180500,5,COD,2.0
TK-101360,2026-09-25,CUST-0502,Jakarta,Fashion,192000,1,E-Wallet,3.0
TK-100329,2026-08-14,CUST-0620,Bandung,Kecantikan,110500,4,E-Wallet,3.0
TK-100705,2026-08-29,CUST-0282,Makassar,Elektronik,3341500,2,COD,3.0
TK-100192,2026-08-08,CUST-0520,Makassar,Rumah Tangga,116000,1,COD,5.0
TK-100055,2026-08-03,CUST-0027,Jakarta,Elektronik,1544000,2,COD,4.0
TK-101152,2026-09-15,CUST-0674,Bandung,Rumah Tangga,146000,2,ewallet,4.0
TK-101460,2026-09-29,CUST-0491,Surabaya,Fashion,Rp 161.500,3,ewallet,5.0
TK-100858,2026-09-04,CUST-0031,Surabaya,Elektronik,515000,1,COD,4.0
TK-100003,01/08/2026,CUST-0471,Surabaya,Fashion,172500,1,E-Wallet,4.0
TK-101158,2026-09-15,CUST-0332,Jakarta,Makanan,Rp 59.500,4,E-Wallet,5.0
TK-101074,2026-09-12,CUST-0109,Jakarta,Kecantikan,59000,5,Kartu Kredit,4.0
TK-101185,17/09/2026,CUST-0293,Jakarta,Fashion,232000,1,Transfer Bank,4.0
TK-101438,2026-09-28,CUST-0484,Bandung,Kecantikan,137500,4,E-Wallet,4.0
TK-100958,08/09/2026,CUST-0002,Surabaya,Rumah Tangga,Rp 151.000,1,COD,3.0
TK-100657,2026-08-27,CUST-0638,Makassar,Fashion,144000,5,transfer,5.0
TK-101019,2026-09-10,CUST-0086,Jakarta,Makanan,43500,1,E-Wallet,5.0
TK-100964,2026-09-08,CUST-0399,Makassar,Makanan,63000,2,Transfer Bank,5.0
TK-100085,2026-08-04,CUST-0394,Jakarta,Makanan,80000,1,Transfer Bank,4.0
TK-100633,2026-08-26,CUST-0321,Makassar,Fashion,173000,2,COD,4.0
TK-100576,24/08/2026,CUST-0251,Surabaya,Rumah Tangga,140000,4,Kartu Kredit,
TK-100029,2026-08-02,CUST-0660,Surabaya,Kecantikan,208000,1,Transfer Bank,4.0
TK-100971,2026-09-08,CUST-0569,Bandung,Makanan,65500,2,Transfer Bank,5.0
TK-101182,2026-09-16,CUST-0398,Makassar,Kecantikan,108000,2,Transfer Bank,4.0
TK-100491,2026-08-21,CUST-0642,Surabaya,Makanan,81500,4,E-Wallet,4.0
TK-100547,23/08/2026,CUST-0530,Makassar,Fashion,Rp 162.500,2,E-Wallet,4.0
TK-100689,2026-08-29,CUST-0445,Surabaya,Makanan,Rp 52.500,1,Transfer Bank,
TK-101156,2026-09-15,CUST-0176,Surabaya,Rumah Tangga,217000,1,Kartu Kredit,5.0
TK-100619,2026-08-26,CUST-0276,Bandung,Kecantikan,155500,1,Transfer Bank,5.0
TK-101051,12/09/2026,CUST-0646,Medan,Rumah Tangga,209500,1,E-Wallet,4.0
TK-100429,2026-08-18,CUST-0472,Jakarta,Makanan,53500,1,E-Wallet,4.0
TK-100638,27/08/2026,CUST-0451,Makassar,Makanan,41500,5,COD,5.0
TK-100562,23/08/2026,CUST-0600,Surabaya,Kecantikan,109500,3,COD,4.0
TK-101399,2026-09-27,CUST-0580,Jakarta,Fashion,490500,3,E-Wallet,5.0
TK-100262,2026-08-12,CUST-0146,jkt,Rumah Tangga,130000,4,COD,4.0
TK-100676,2026-08-28,CUST-0132,Makassar,Makanan,650000,4,Transfer Bank,4.0
TK-100166,2026-08-07,CUST-0478,medan ,Makanan,36500,1,COD,4.0
TK-100772,2026-08-31,CUST-0134,Medan,Rumah Tangga,133000,1,E-Wallet,3.0
TK-100765,31/08/2026,CUST-0042,Makassar,Fashion,157500,1,Transfer Bank,4.0
TK-100306,2026-08-13,CUST-0327,Jakarta,Fashion,Rp 199.500,1,E-Wallet,3.0
TK-100479,20/08/2026,CUST-0581,Jakarta,Makanan,58500,1,E-Wallet,5.0
TK-101424,2026-09-28,CUST-0117,Medan,Elektronik,1365000,2,E-WALLET,
TK-101382,2026-09-26,CUST-0090,Makassar,Kecantikan,114000,2,E-Wallet,3.0
TK-100882,2026-09-05,CUST-0658,Bandung,Fashion,417500,2,E-Wallet,4.0
TK-100600,2026-08-25,CUST-0147,Surabaya,Kecantikan,88000,5,E-Wallet,5.0
TK-100816,2026-09-02,CUST-0016,Bandung,Fashion,202500,5,COD,5.0
TK-100056,2026-08-03,CUST-0058,Surabaya,Kecantikan,Rp 52.000,2,E-Wallet,2.0
TK-100052,2026-08-03,CUST-0565,Jakarta,Fashion,232000,1,Transfer Bank,5.0
TK-100849,2026-09-03,CUST-0542,Jakarta,Rumah Tangga,79500,1,E-Wallet,5.0
TK-101418,2026-09-27,CUST-0237,Bandung,Fashion,74500,2,E-Wallet,3.0
TK-101166,16/09/2026,CUST-0069,Jakarta,Elektronik,890000,1,Kartu Kredit,4.0
TK-101304,2026-09-23,CUST-0292,Bandung,Kecantikan,117500,2,Transfer Bank,5.0
TK-100255,2026-08-11,CUST-0442,Medan,Fashion,173000,2,E-Wallet,3.0
TK-100874,2026-09-04,CUST-0342,Surabaya,Kecantikan,144500,2,E-Wallet,4.0
TK-100517,2026-08-22,CUST-0561,Jakarta,Rumah Tangga,Rp 158.500,1,Transfer Bank,4.0
TK-101271,2026-09-21,CUST-0036,Bandung,Kecantikan,80500,1,E-Wallet,4.0
TK-100291,2026-08-13,CUST-0092,Medan,Rumah Tangga,139500,5,Transfer Bank,5.0
TK-101056,2026-09-12,CUST-0008,surabaya,Kecantikan,253500,2,Kartu Kredit,
TK-100932,07/09/2026,CUST-0162,Medan,Rumah Tangga,69500,2,Transfer Bank,4.0
TK-100501,2026-08-21,CUST-0037,Jakarta,Fashion,Rp 143.000,1,Transfer Bank,5.0
TK-100991,2026-09-09,CUST-0329,Jakarta,Elektronik,2448000,1,E-Wallet,5.0
TK-100830,03/09/2026,CUST-0253,Jakarta,Fashion,199000,3,TRANSFER BANK,4.0
TK-100280,2026-08-12,CUST-0562,,Kecantikan,203000,5,E-Wallet,4.0
TK-100961,2026-09-08,CUST-0261,Bandung,Elektronik,328000,1,E-Wallet,3.0
TK-101248,2026-09-20,CUST-0654,Makassar,Fashion,Rp 313.000,2,E-Wallet,5.0
TK-100304,2026-08-13,CUST-0150,Jakarta,Elektronik,800500,2,E-Wallet,4.0
TK-100832,2026-09-03,CUST-0167,Makassar,Makanan,69000,1,E-Wallet,4.0
TK-101458,2026-09-29,CUST-0127,Makassar,Fashion,Rp 90.000,5,Transfer Bank,5.0
TK-101298,2026-09-22,CUST-0366,Jakarta,Fashion,106500,1,ewallet,5.0
TK-100456,2026-08-19,CUST-0564,Surabaya,Rumah Tangga,146500,1,E-Wallet,4.0
TK-100179,2026-08-08,CUST-0100,Makassar ,Fashion,62000,2,COD,4.0
TK-100828,2026-09-02,CUST-0657,Jakarta ,Elektronik,1443500,1,COD,
TK-100354,2026-08-15,CUST-0537,Bandung,Fashion,Rp 162.000,2,Transfer Bank,5.0
TK-100184,08/08/2026,CUST-0178,Jakarta,Rumah Tangga,208500,1,E-Wallet,4.0
TK-100073,2026-08-03,CUST-0195,Bandung,Makanan,49500,2,COD,2.0
TK-100984,2026-09-09,CUST-0654,Jakarta,Fashion,265000,1,E-Wallet,4.0
TK-100220,2026-08-09,CUST-0425,Surabaya,Kecantikan,188000,5,E-Wallet,5.0
TK-100455,2026-08-19,CUST-0466,Jakarta,Fashion,117500,1,COD,3.0
TK-100054,03/08/2026,CUST-0085,bandung,Fashion,116500,5,E-Wallet,3.0
TK-100551,23/08/2026,CUST-0168,makassar,Fashion,193000,3,COD,5.0
TK-101393,2026-09-26,CUST-0260,Medan,Rumah Tangga,Rp 198.500,1,Kartu Kredit,
TK-100313,2026-08-14,CUST-0291,Surabaya,Elektronik,Rp 1.115.000,1,E-Wallet,4.0
TK-100214,2026-08-09,CUST-0231,Jakarta,Rumah Tangga,Rp 214.500,2,COD,3.0
TK-101042,2026-09-11,CUST-0583,Jakarta,Kecantikan,101500,1,E-Wallet,3.0
TK-101170,2026-09-16,CUST-0619,Jakarta,Kecantikan,120500,3,e-wallet,4.0
TK-101436,2026-09-28,CUST-0595,Makassar,Kecantikan,76500,1,E-Wallet,4.0
TK-100376,2026-08-16,CUST-0108,Makassar,Fashion,80500,2,E-Wallet,4.0
TK-100454,2026-08-19,CUST-0486,Makassar,Rumah Tangga,Rp 72.000,3,Transfer Bank,4.0
TK-100216,2026-08-09,CUST-0180,Surabaya,Rumah Tangga,187500,2,,5.0
TK-100412,2026-08-18,CUST-0187,Medan,Kecantikan,128000,3,COD,4.0
TK-100999,2026-09-10,CUST-0544,Bandung,Elektronik,1133500,2,COD,3.0
TK-101414,2026-09-27,CUST-0288,Makassar,Rumah Tangga,Rp 112.500,2,COD,5.0
TK-100545,23/08/2026,CUST-0671,Jakarta,Rumah Tangga,85500,4,Transfer Bank,5.0
TK-101206,2026-09-17,CUST-0058,Jakarta,Fashion,Rp 217.000,1,COD,4.0
TK-100990,2026-09-09,CUST-0057,Jakarta,Fashion,212000,5,COD,4.0
TK-100408,2026-08-17,CUST-0152,Bandung,Makanan,62000,3,Kartu Kredit,4.0
TK-100031,2026-08-02,CUST-0131,Makassar,Fashion,128000,1,COD,4.0
TK-100411,2026-08-18,CUST-0586,makassar,Makanan,45500,2,Transfer Bank,4.0
TK-100646,2026-08-27,CUST-0219,mks,Kecantikan,100000,3,E-Wallet,4.0
TK-100948,2026-09-08,CUST-0494,Makassar,Kecantikan,44000,1,E-Wallet,2.0
TK-100985,2026-09-09,CUST-0220,Jakarta,Elektronik,646000,1,E-Wallet,2.0
TK-100737,2026-08-30,CUST-0301,Bandung,Elektronik,625500,2,COD,3.0
TK-100831,2026-09-03,CUST-0206,Makassar,Elektronik,650000,1,E-Wallet,4.0
TK-101344,2026-09-24,CUST-0539,Jakarta,Fashion,Rp 76.500,1,E-Wallet,2.0
TK-101234,20/09/2026,CUST-0508,Makassar,Rumah Tangga,113000,4,E-Wallet,4.0
TK-100233,2026-08-10,CUST-0143,Jakarta,Fashion,129000,1,E-Wallet,5.0
TK-100175,08/08/2026,CUST-0403,,Elektronik,Rp 1.450.000,1,COD,2.0
TK-100465,2026-08-19,CUST-0347,Medan,Fashion,90500,1,E-Wallet,4.0
TK-100805,2026-09-02,CUST-0190,Surabaya,Fashion,262500,2,Transfer Bank,5.0
TK-100568,2026-08-24,CUST-0339,Jakarta,Makanan,46500,1,TRANSFER BANK,5.0
TK-100642,27/08/2026,CUST-0166,Jakarta,Rumah Tangga,215000,1,e-wallet,5.0
TK-101487,2026-09-30,CUST-0429,Jakarta,Fashion,277500,4,Transfer Bank,5.0
TK-100116,05/08/2026,CUST-0503,Makassar,Fashion,263500,1,COD,5.0
TK-100938,2026-09-07,CUST-0227,Jakarta,Fashion,179500,2,,5.0
TK-100649,2026-08-27,CUST-0620,Surabaya,Fashion,199000,1,Transfer Bank,4.0
TK-100751,2026-08-30,CUST-0591,Bandung,Makanan,34000,1,Transfer Bank,5.0
TK-101483,2026-09-30,CUST-0020,Makassar,Fashion,128000,4,Kartu Kredit,4.0
TK-100835,2026-09-03,CUST-0110,Bandung,Elektronik,Rp 836.500,1,COD,3.0
TK-100532,2026-08-22,CUST-0129,,Kecantikan,90000,1,Kartu Kredit,4.0
TK-100734,2026-08-30,CUST-0078,Surabaya,Rumah Tangga,547000,1,E-Wallet,5.0
TK-101242,2026-09-20,CUST-0477,makassar,Makanan,72000,1,Transfer Bank,4.0
TK-100146,2026-08-06,CUST-0583,Medan,Rumah Tangga,168500,2,Kartu Kredit,5.0
TK-101309,2026-09-23,CUST-0037,Makassar,Fashion,160000,3,kartu kredit,5.0
TK-101172,16/09/2026,CUST-0159,MAKASSAR,Kecantikan,129500,1,Transfer Bank,4.0
TK-100215,2026-08-09,CUST-0495,Jakarta,Rumah Tangga,200000,4,E-Wallet,5.0
TK-100756,2026-08-31,CUST-0232,Medan,Fashion,141000,1,E-Wallet,2.0
TK-100912,2026-09-06,CUST-0185,Makassar,Rumah Tangga,Rp 129.000,1,,5.0
TK-101090,2026-09-13,CUST-0222,Bandung,Fashion,130500,1,COD,3.0
TK-101286,2026-09-22,CUST-0527,Jakarta,Kecantikan,72500,1,E-Wallet,4.0
TK-101367,2026-09-25,CUST-0368,Makassar,Fashion,98000,1,E-Wallet,4.0
TK-101296,2026-09-22,CUST-0229,Jakarta,Rumah Tangga,273500,1,COD,4.0
TK-100159,2026-08-07,CUST-0374,Surabaya,Fashion,Rp 89.000,1,E-Wallet,4.0
TK-100911,06/09/2026,CUST-0470,Jakarta,Fashion,111500,2,Kartu Kredit,4.0
TK-100234,10/08/2026,CUST-0139,Jakarta,Fashion,219500,1,E-Wallet,4.0
TK-100660,28/08/2026,CUST-0459,Jakarta,Fashion,570500,1,E-Wallet,5.0
TK-100944,2026-09-08,CUST-0157,Jakarta,Kecantikan,98000,4,Transfer Bank,5.0
TK-100319,14/08/2026,CUST-0015,JAKARTA,Elektronik,1307000,1,E-Wallet,4.0
TK-100077,04/08/2026,CUST-0433,Bandung,Kecantikan,149500,1,Kartu Kredit,5.0
TK-101040,2026-09-11,CUST-0119,Jakarta,Rumah Tangga,67500,4,ewallet,5.0
TK-100473,2026-08-20,CUST-0053,Makassar,Rumah Tangga,104500,1,e-wallet,4.0
TK-100297,2026-08-13,CUST-0195,Surabaya,Fashion,197500,1,E-Wallet,4.0
TK-100795,2026-09-01,CUST-0657,Jakarta,Rumah Tangga,131500,1,Transfer Bank,4.0
TK-100277,2026-08-12,CUST-0553,Surabaya,Elektronik,1836000,1,E-Wallet,4.0
TK-100377,2026-08-16,CUST-0118,Makassar,Fashion,84000,4,E-Wallet,5.0
TK-100046,2026-08-02,CUST-0099,Medan,Elektronik,1423500,1,Transfer Bank,4.0
TK-100546,2026-08-23,CUST-0327,Jakarta,Makanan,89000,1,E-Wallet,4.0
TK-100452,19/08/2026,CUST-0597,Bandung,Fashion,124000,3,TRANSFER BANK,4.0
TK-101454,2026-09-29,CUST-0607,Bandung,Kecantikan,87500,1,E-Wallet,4.0
TK-101183,16/09/2026,CUST-0074,Bandung,Elektronik,456500,1,E-Wallet,4.0
TK-100808,2026-09-02,CUST-0129,Jakarta,Makanan,84500,3,Kartu Kredit,5.0
TK-100360,16/08/2026,CUST-0653,mks,Kecantikan,76000,1,E-Wallet,5.0
TK-100018,2026-08-01,CUST-0030,Medan,Kecantikan,104500,1,E-Wallet,4.0
TK-101360,2026-09-25,CUST-0502,Jakarta,Fashion,192000,1,E-Wallet,3.0
TK-101203,17/09/2026,CUST-0556,Jakarta,Elektronik,1536500,2,COD,2.0
TK-101459,29/09/2026,CUST-0590,Medan,Fashion,81500,1,E-Wallet,5.0
TK-100163,07/08/2026,CUST-0552,Surabaya,Rumah Tangga,212500,2,COD,
TK-100626,2026-08-26,CUST-0348,Surabaya,Rumah Tangga,99000,2,Transfer Bank,4.0
TK-101120,2026-09-14,CUST-0541,MAKASSAR,Fashion,450500,1,Kartu Kredit,5.0
TK-101121,14/09/2026,CUST-0327,Jakarta,Fashion,Rp 163.000,3,E-Wallet,4.0
TK-100843,03/09/2026,CUST-0663,Surabaya,Rumah Tangga,82500,2,COD,5.0
TK-101219,2026-09-18,CUST-0541,Makassar,Fashion,96000,4,E-Wallet,4.0
TK-101190,2026-09-17,CUST-0336,Makassar,Kecantikan,91000,2,Kartu Kredit,4.0
TK-100935,2026-09-07,CUST-0597,Bandung,Rumah Tangga,249500,1,Transfer Bank,5.0
TK-100224,2026-08-09,CUST-0490,Jakarta,Fashion,158500,4,Transfer Bank,5.0
TK-100383,16/08/2026,CUST-0614,Bandung,Kecantikan,45000,3,cod,4.0
TK-100738,2026-08-30,CUST-0005,surabaya,Fashion,125500,2,COD,5.0
TK-101217,2026-09-18,CUST-0217,sby,Kecantikan,103000,2,E-Wallet,5.0
TK-100094,2026-08-04,CUST-0600,Bandung,Fashion,94000,1,Transfer Bank,
TK-101133,2026-09-15,CUST-0146,Jakarta,Rumah Tangga,136000,1,kartu kredit,5.0
TK-100883,05/09/2026,CUST-0305,,Elektronik,645500,1,E-Wallet,5.0
TK-100732,2026-08-30,CUST-0596,Makassar,Fashion,140000,3,E-Wallet,
TK-100773,2026-08-31,CUST-0455,Jakarta,Elektronik,1143000,1,E-Wallet,4.0
TK-101307,2026-09-23,CUST-0672,Surabaya,Fashion,127000,1,E-Wallet,5.0
TK-101444,2026-09-28,CUST-0181,Bandung,Elektronik,343500,2,E-Wallet,5.0
TK-100797,2026-09-01,CUST-0161,Surabaya,Fashion,236000,2,COD,4.0
TK-100610,2026-08-25,CUST-0421,Jakarta,Kecantikan,118500,1,COD,3.0
TK-100645,2026-08-27,CUST-0114,Jakarta,Rumah Tangga,221500,1,Transfer Bank,5.0
TK-100592,2026-08-24,CUST-0501,Jakarta,Kecantikan,Rp 157.500,1,E-Wallet,5.0
TK-100346,15/08/2026,CUST-0486,Medan,Fashion,70000,1,Transfer Bank,4.0
TK-101435,2026-09-28,CUST-0294,Makassar,Kecantikan,91500,1,E-Wallet,5.0
TK-101492,2026-09-30,CUST-0209,Jakarta,Elektronik,1339000,1,E-Wallet,5.0
TK-100745,2026-08-30,CUST-0169,Medan,Fashion,103500,4,Kartu Kredit,4.0
TK-101353,2026-09-24,CUST-0499,Jakarta,Kecantikan,56000,1,E-Wallet,5.0
TK-100667,2026-08-28,CUST-0371,Makassar,Rumah Tangga,138500,2,E-Wallet,4.0
TK-100841,2026-09-03,CUST-0232,Jakarta,Fashion,81500,2,Transfer Bank,4.0
TK-100724,2026-08-30,CUST-0194,Jakarta,Makanan,30000,48,E-Wallet,4.0
TK-101101,2026-09-13,CUST-0488,JAKARTA,Makanan,58500,4,E-Wallet,4.0
TK-100651,2026-08-27,CUST-0121,Makassar,Fashion,78500,4,Transfer Bank,5.0
TK-100559,23/08/2026,CUST-0236,,Fashion,137000,2,transfer,4.0
TK-101079,2026-09-12,CUST-0581,Surabaya,Makanan,Rp 77.500,1,COD,3.0
TK-100628,2026-08-26,CUST-0100,Jakarta,Makanan,36000,3,E-Wallet,4.0
TK-100328,14/08/2026,CUST-0469,Surabaya,Fashion,144000,1,Transfer Bank,4.0
TK-100164,2026-08-07,CUST-0480,Surabaya,Fashion,205000,2,Transfer Bank,5.0
TK-101273,21/09/2026,CUST-0001,Jakarta,Fashion,181500,2,Kartu Kredit,5.0
TK-100372,16/08/2026,CUST-0053,MEDAN,Fashion,97500,1,E-Wallet,3.0
TK-101027,2026-09-11,CUST-0611,Jakarta,Kecantikan,Rp 92.000,1,Kartu Kredit,4.0
TK-100156,07/08/2026,CUST-0143,Bandung,Elektronik,924000,1,E-Wallet,3.0
TK-100188,08/08/2026,CUST-0071,Surabaya,Makanan,73500,5,COD,5.0
TK-100838,03/09/2026,CUST-0384,Surabaya,Fashion,432500,1,Cod,5.0
TK-101431,2026-09-28,CUST-0005,Jakarta,Fashion,82000,1,Transfer Bank,4.0
TK-100453,19/08/2026,CUST-0112,,Elektronik,1070500,2,E-Wallet,4.0
TK-100752,31/08/2026,CUST-0190,Surabaya,Kecantikan,Rp 108.000,2,COD,
TK-100615,26/08/2026,CUST-0072,Makassar,Fashion,88500,2,COD,4.0
TK-100185,2026-08-08,CUST-0252,Bandung,Fashion,Rp 135.000,5,Kartu Kredit,5.0
TK-100951,08/09/2026,CUST-0604,Surabaya,Fashion,75000,3,Transfer Bank,4.0
TK-100058,03/08/2026,CUST-0215,Surabaya,Makanan,91500,2,E-Wallet,5.0
TK-101240,2026-09-20,CUST-0099,Medan,Elektronik,Rp 118.500,1,E-Wallet,4.0
TK-101006,2026-09-10,CUST-0132,makassar,Kecantikan,88000,1,Transfer Bank,5.0
TK-101024,2026-09-10,CUST-0067,Bandung,Makanan,80000,1,E-Wallet,3.0
TK-100149,06/08/2026,CUST-0090,medan ,Elektronik,714500,1,COD,3.0
TK-101137,15/09/2026,CUST-0663,Jakarta,Rumah Tangga,162000,4,E-Wallet,5.0
TK-100257,2026-08-11,CUST-0237,Makassar,Elektronik,289000,1,Transfer Bank,4.0
TK-100571,2026-08-24,CUST-0467,Medan,Fashion,140500,1,Transfer Bank,5.0
TK-100822,2026-09-02,CUST-0269,Bandung,Elektronik,1205500,1,E-Wallet,4.0
TK-100101,2026-08-05,CUST-0008,Makassar,Fashion,121500,2,COD,3.0
TK-100487,21/08/2026,CUST-0041,Medan,Fashion,95500,1,E-Wallet,4.0
TK-100931,2026-09-07,CUST-0500,Bandung,Fashion,136500,2,E-Wallet,5.0
TK-101116,14/09/2026,CUST-0219,Makassar,Kecantikan,132500,1,ewallet,5.0
TK-100627,26/08/2026,CUST-0523,Surabaya,Elektronik,735500,1,COD,4.0
TK-100583,2026-08-24,CUST-0042,Makassar,Kecantikan,167000,2,Transfer Bank,
TK-100504,21/08/2026,CUST-0069,Jakarta,Fashion,199500,3,Transfer Bank,4.0
TK-100629,26/08/2026,CUST-0514,,Fashion,245500,1,E-Wallet,4.0
TK-100494,21/08/2026,CUST-0606,Surabaya,Rumah Tangga,97000,1,COD,5.0
TK-100161,2026-08-07,CUST-0025,Surabaya,Kecantikan,32500,1,E-WALLET,3.0
TK-100502,2026-08-21,CUST-0319,DKI Jakarta,Fashion,373500,1,E-Wallet,4.0
TK-100180,2026-08-08,CUST-0564,Jakarta,Elektronik,2449000,1,E-Wallet,4.0
TK-101222,2026-09-19,CUST-0470,Jakarta,Fashion,85000,1,E-Wallet,6.0
TK-100106,2026-08-05,CUST-0161,BANDUNG,Makanan,100500,5,Transfer Bank,3.0
TK-100414,2026-08-18,CUST-0323,Surabaya,Rumah Tangga,113500,1,E-Wallet,5.0
TK-100533,2026-08-22,CUST-0174,Jakarta,Fashion,Rp 137.500,2,Transfer Bank,5.0
TK-100482,2026-08-20,CUST-0262,Bandung,Rumah Tangga,122000,4,E-Wallet,4.0
TK-101262,2026-09-21,CUST-0214,Bandung,Rumah Tangga,Rp 101.000,5,E-Wallet,4.0
TK-100492,2026-08-21,CUST-0286,Jakarta,Fashion,317000,1,E-Wallet,3.0
TK-100725,2026-08-30,CUST-0223,jkt,Fashion,108500,4,E-Wallet,4.0
TK-101208,2026-09-18,CUST-0539,Makassar,Rumah Tangga,132000,1,COD,3.0
TK-100183,2026-08-08,CUST-0558,Jakarta,Fashion,65500,1,COD,5.0
TK-100890,2026-09-05,CUST-0314,Surabaya,Kecantikan,157500,5,Transfer Bank,4.0
TK-100356,2026-08-15,CUST-0207,Makassar,Fashion,77500,3,Transfer Bank,5.0
TK-101109,2026-09-14,CUST-0372,DKI Jakarta,Fashion,249500,1,Transfer Bank,5.0
TK-100059,03/08/2026,CUST-0164,Makassar,Rumah Tangga,87000,1,COD,3.0
TK-100459,19/08/2026,CUST-0002,Jakarta,Rumah Tangga,85500,2,COD,4.0
TK-100157,2026-08-07,CUST-0350,Jakarta,Elektronik,453500,1,E-Wallet,4.0
TK-100815,02/09/2026,CUST-0420,Bandung,Fashion,204000,2,Transfer Bank,4.0
TK-100839,03/09/2026,CUST-0300,Jakarta,Rumah Tangga,138000,3,COD,4.0
TK-101223,2026-09-19,CUST-0527,Medan,Makanan,32000,5,e-wallet,4.0
TK-100683,2026-08-28,CUST-0220,Jakarta,Fashion,149500,1,Transfer Bank,5.0
TK-100481,2026-08-20,CUST-0500,makassar,Fashion,196500,3,Transfer Bank,3.0
TK-101085,2026-09-13,CUST-0186,Surabaya,Fashion,41000,5,COD,3.0
TK-100176,2026-08-08,CUST-0268,Makassar,Elektronik,4076500,1,TRANSFER BANK,5.0
TK-101334,2026-09-24,CUST-0302,Jakarta,Fashion,72000,1,Transfer Bank,4.0
TK-100204,2026-08-09,CUST-0370,Medan,Rumah Tangga,101500,3,Kartu Kredit,4.0
TK-100694,2026-08-29,CUST-0291,Makassar,Kecantikan,96000,5,E-Wallet,4.0
TK-101396,2026-09-26,CUST-0002,Surabaya,Elektronik,663500,2,COD,5.0
TK-101270,21/09/2026,CUST-0235,Makassar,Rumah Tangga,89500,2,E-Wallet,5.0
TK-101228,2026-09-19,CUST-0132,Surabaya,Kecantikan,112500,1,E-Wallet,3.0
TK-100934,2026-09-07,CUST-0376,Bandung,Rumah Tangga,136500,1,E-Wallet,5.0
TK-101325,2026-09-23,CUST-0173,Surabaya,Fashion,144000,1,E-Wallet,5.0
TK-100825,2026-09-02,CUST-0247,Makassar ,Rumah Tangga,269000,1,E-Wallet,5.0
TK-101250,20/09/2026,CUST-0220,Jakarta,Kecantikan,129000,1,E-Wallet,5.0
TK-100759,2026-08-31,CUST-0301,surabaya,Fashion,105500,1,Transfer Bank,4.0
TK-101050,12/09/2026,CUST-0385,Makassar,Rumah Tangga,100000,1,Transfer Bank,4.0
TK-100336,14/08/2026,CUST-0478,Makassar,Kecantikan,64000,1,E-Wallet,5.0
TK-100700,2026-08-29,CUST-0361,Makassar,Kecantikan,68500,2,Kartu Kredit,3.0
TK-100986,2026-09-09,CUST-0430,Surabaya,Elektronik,1255000,1,E-Wallet,4.0
TK-100540,22/08/2026,CUST-0158,Makassar,Elektronik,534000,1,Transfer Bank,3.0
TK-101135,15/09/2026,CUST-0067,,Rumah Tangga,127500,1,E-Wallet,3.0
TK-100673,28/08/2026,CUST-0539,Makassar,Fashion,111000,2,Transfer Bank,4.0
TK-100753,2026-08-31,CUST-0008,Jakarta,Rumah Tangga,171500,3,E-Wallet,4.0
TK-100415,2026-08-18,CUST-0111,Makassar,Fashion,120000,4,E-Wallet,5.0
TK-100586,24/08/2026,CUST-0171,Surabaya,Kecantikan,Rp 173.500,1,Kartu Kredit,4.0
TK-100622,2026-08-26,CUST-0263,Makassar,Makanan,Rp 71.000,1,Kartu Kredit,5.0
TK-100636,2026-08-27,CUST-0424,Medan,Kecantikan,170500,2,Kartu Kredit,4.0
TK-101159,2026-09-15,CUST-0659,Surabaya,Kecantikan,68500,5,E-Wallet,
TK-100981,09/09/2026,CUST-0547,Makassar,Rumah Tangga,131500,4,Transfer Bank,5.0
TK-100209,09/08/2026,CUST-0515,Jakarta,Kecantikan,139000,4,Kartu Kredit,5.0
TK-100947,08/09/2026,CUST-0399,Surabaya,Kecantikan,49500,2,E-Wallet,3.0
TK-101495,2026-09-30,CUST-0491,Surabaya,Makanan,39000,4,COD,3.0
TK-100147,2026-08-06,CUST-0278,Medan,Fashion,130500,2,E-Wallet,5.0
TK-101377,26/09/2026,CUST-0327,,Fashion,97500,1,E-Wallet,3.0
TK-100448,2026-08-19,CUST-0291,Bandung,Fashion,93000,2,COD,
TK-101144,2026-09-15,CUST-0252,Medan,Fashion,87000,3,E-Wallet,4.0
TK-101442,2026-09-28,CUST-0169,Surabaya,Fashion,134500,1,E-Wallet,4.0
TK-100420,2026-08-18,CUST-0568,Bandung,Fashion,296500,1,COD,3.0
TK-101125,14/09/2026,CUST-0543,Medan,Fashion,Rp 295.000,1,E-WALLET,4.0
TK-101316,2026-09-23,CUST-0211,Medan,Makanan,30500,1,COD,4.0
TK-100090,2026-08-04,CUST-0219,Jakarta,Elektronik,156500,1,COD,3.0
TK-100083,2026-08-04,CUST-0066,Jakarta ,Fashion,118500,1,ewallet,
TK-101294,2026-09-22,CUST-0581,Jakarta,Makanan,50500,1,Kartu Kredit,
TK-101229,2026-09-19,CUST-0049,Bandung,Fashion,2060000,2,Transfer Bank,4.0
TK-101129,14/09/2026,CUST-0003,Makassar,Fashion,38000,1,cod,
TK-101398,2026-09-27,CUST-0435,Makassar,Fashion,128500,2,COD,5.0
TK-100385,16/08/2026,CUST-0126,Makassar,Rumah Tangga,Rp 86.500,5,COD,4.0
TK-101099,2026-09-13,CUST-0085,Medan,Kecantikan,85000,5,E-Wallet,4.0
TK-100460,2026-08-19,CUST-0394,Surabaya,Kecantikan,Rp 112.500,2,COD,4.0
TK-100419,18/08/2026,CUST-0315,medan ,Fashion,185500,4,cod,5.0
TK-100474,20/08/2026,CUST-0498,Bandung,Makanan,99500,1,E-Wallet,4.0
TK-100050,2026-08-02,CUST-0190,Medan,Elektronik,719000,1,COD,3.0
TK-100279,12/08/2026,CUST-0219,Bandung,Fashion,291500,1,Kartu Kredit,4.0
TK-100433,18/08/2026,CUST-0288,Makassar,Kecantikan,61500,1,Kartu Kredit,5.0
TK-101284,2026-09-22,CUST-0485,Bandung,Fashion,73500,1,E-Wallet,
TK-101266,2026-09-21,CUST-0149,Makassar,Elektronik,2108500,1,Kartu Kredit,3.0
TK-101278,2026-09-21,CUST-0024,Makassar,Rumah Tangga,98500,3,E-Wallet,4.0
TK-101415,27/09/2026,CUST-0249,Jakarta,Kecantikan,108000,1,Transfer Bank,5.0
